0 verbose cli C:\Program Files\nodejs\node.exe C:\Users\meghn\AppData\Roaming\npm\node_modules\npm\bin\npm-cli.js
1 info using npm@11.0.0
2 info using node@v22.13.1
3 silly config load:file:C:\Users\meghn\AppData\Roaming\npm\node_modules\npm\npmrc
4 silly config load:file:C:\Users\meghn\Desktop\TeamTaskManager\frontend\.npmrc
5 silly config load:file:C:\Users\meghn\.npmrc
6 silly config load:file:C:\Users\meghn\AppData\Roaming\npm\etc\npmrc
7 verbose title npm install
8 verbose argv "install"
9 verbose logfile logs-max:10 dir:C:\Users\meghn\Desktop\TeamTaskManager\frontend\%LOCALAPPDATA%\npm-cache\_logs\2026-05-22T10_24_18_603Z-
10 verbose logfile C:\Users\meghn\Desktop\TeamTaskManager\frontend\%LOCALAPPDATA%\npm-cache\_logs\2026-05-22T10_24_18_603Z-debug-0.log
11 silly logfile start cleaning logs, removing 1 files
12 silly packumentCache heap:2197815296 maxSize:549453824 maxEntrySize:274726912
13 silly logfile done cleaning log files
14 silly idealTree buildDeps
15 silly fetch manifest lucide-react@^0.511.0
16 silly packumentCache full:https://registry.npmjs.org/lucide-react cache-miss
17 http cache https://registry.npmjs.org/lucide-react 34ms (cache hit)
18 silly packumentCache full:https://registry.npmjs.org/lucide-react set size:2265850 disposed:false
19 silly fetch manifest react@^18.2.0
20 silly packumentCache full:https://registry.npmjs.org/react cache-miss
21 http cache https://registry.npmjs.org/react 59ms (cache hit)
22 silly packumentCache full:https://registry.npmjs.org/react set size:6650647 disposed:false
23 silly fetch manifest react-dom@^18.2.0
24 silly packumentCache full:https://registry.npmjs.org/react-dom cache-miss
25 http cache https://registry.npmjs.org/react-dom 50ms (cache hit)
26 silly packumentCache full:https://registry.npmjs.org/react-dom set size:8868827 disposed:false
27 silly fetch manifest recharts@^2.15.1
28 silly packumentCache full:https://registry.npmjs.org/recharts cache-miss
29 http cache https://registry.npmjs.org/recharts 17ms (cache hit)
30 silly packumentCache full:https://registry.npmjs.org/recharts set size:1343613 disposed:false
31 silly placeDep ROOT lucide-react@0.511.0 REPLACE for: frontend@0.1.0 want: ^0.511.0
32 silly placeDep ROOT react@18.3.1 REPLACE for: frontend@0.1.0 want: ^18.2.0
33 warn ERESOLVE overriding peer dependency {
33 warn ERESOLVE   code: 'ERESOLVE',
33 warn ERESOLVE   edge: {
33 warn ERESOLVE     type: 'peer',
33 warn ERESOLVE     name: 'react',
33 warn ERESOLVE     spec: '^19.2.6',
33 warn ERESOLVE     from: {
33 warn ERESOLVE       name: 'react-dom',
33 warn ERESOLVE       version: '19.2.6',
33 warn ERESOLVE       location: 'node_modules/react-dom',
33 warn ERESOLVE       isWorkspace: false,
33 warn ERESOLVE       dependents: [Array]
33 warn ERESOLVE     }
33 warn ERESOLVE   },
33 warn ERESOLVE   dep: {
33 warn ERESOLVE     name: 'react',
33 warn ERESOLVE     version: '18.3.1',
33 warn ERESOLVE     whileInstalling: {
33 warn ERESOLVE       name: 'frontend',
33 warn ERESOLVE       version: '0.1.0',
33 warn ERESOLVE       path: 'C:\\Users\\meghn\\Desktop\\TeamTaskManager\\frontend'
33 warn ERESOLVE     },
33 warn ERESOLVE     location: 'node_modules/react',
33 warn ERESOLVE     isWorkspace: false,
33 warn ERESOLVE     dependents: [ [Object] ]
33 warn ERESOLVE   },
33 warn ERESOLVE   force: false,
33 warn ERESOLVE   isMine: true,
33 warn ERESOLVE   strictPeerDeps: false,
33 warn ERESOLVE   current: {
33 warn ERESOLVE     name: 'react',
33 warn ERESOLVE     version: '19.2.6',
33 warn ERESOLVE     location: 'node_modules/react',
33 warn ERESOLVE     isWorkspace: false,
33 warn ERESOLVE     dependents: [
33 warn ERESOLVE       [Object], [Object],
33 warn ERESOLVE       [Object], [Object],
33 warn ERESOLVE       [Object], [Object],
33 warn ERESOLVE       [Object], [Object],
33 warn ERESOLVE       [Object], [Object],
33 warn ERESOLVE       [Object], [Object],
33 warn ERESOLVE       [Object]
33 warn ERESOLVE     ]
33 warn ERESOLVE   }
33 warn ERESOLVE }
34 warn ERESOLVE overriding peer dependency {
34 warn ERESOLVE   code: 'ERESOLVE',
34 warn ERESOLVE   edge: {
34 warn ERESOLVE     type: 'peer',
34 warn ERESOLVE     name: 'react',
34 warn ERESOLVE     spec: '^19.2.6',
34 warn ERESOLVE     from: {
34 warn ERESOLVE       name: 'react-dom',
34 warn ERESOLVE       version: '19.2.6',
34 warn ERESOLVE       location: 'node_modules/react-dom',
34 warn ERESOLVE       isWorkspace: false,
34 warn ERESOLVE       dependents: [Array]
34 warn ERESOLVE     }
34 warn ERESOLVE   },
34 warn ERESOLVE   dep: {
34 warn ERESOLVE     name: 'react',
34 warn ERESOLVE     version: '18.3.1',
34 warn ERESOLVE     whileInstalling: {
34 warn ERESOLVE       name: 'frontend',
34 warn ERESOLVE       version: '0.1.0',
34 warn ERESOLVE       path: 'C:\\Users\\meghn\\Desktop\\TeamTaskManager\\frontend'
34 warn ERESOLVE     },
34 warn ERESOLVE     location: 'node_modules/react',
34 warn ERESOLVE     isWorkspace: false,
34 warn ERESOLVE     dependents: [ [Object] ]
34 warn ERESOLVE   },
34 warn ERESOLVE   force: false,
34 warn ERESOLVE   isMine: true,
34 warn ERESOLVE   strictPeerDeps: false,
34 warn ERESOLVE   current: {
34 warn ERESOLVE     name: 'react',
34 warn ERESOLVE     version: '19.2.6',
34 warn ERESOLVE     location: 'node_modules/react',
34 warn ERESOLVE     isWorkspace: false,
34 warn ERESOLVE     dependents: [
34 warn ERESOLVE       [Object], [Object],
34 warn ERESOLVE       [Object], [Object],
34 warn ERESOLVE       [Object], [Object],
34 warn ERESOLVE       [Object], [Object],
34 warn ERESOLVE       [Object], [Object],
34 warn ERESOLVE       [Object], [Object],
34 warn ERESOLVE       [Object]
34 warn ERESOLVE     ]
34 warn ERESOLVE   }
34 warn ERESOLVE }
35 warn ERESOLVE overriding peer dependency {
35 warn ERESOLVE   code: 'ERESOLVE',
35 warn ERESOLVE   edge: {
35 warn ERESOLVE     type: 'peer',
35 warn ERESOLVE     name: 'react',
35 warn ERESOLVE     spec: '^19.2.6',
35 warn ERESOLVE     from: {
35 warn ERESOLVE       name: 'react-dom',
35 warn ERESOLVE       version: '19.2.6',
35 warn ERESOLVE       location: 'node_modules/react-dom',
35 warn ERESOLVE       isWorkspace: false,
35 warn ERESOLVE       dependents: [Array]
35 warn ERESOLVE     }
35 warn ERESOLVE   },
35 warn ERESOLVE   dep: {
35 warn ERESOLVE     name: 'react',
35 warn ERESOLVE     version: '18.3.1',
35 warn ERESOLVE     whileInstalling: {
35 warn ERESOLVE       name: 'frontend',
35 warn ERESOLVE       version: '0.1.0',
35 warn ERESOLVE       path: 'C:\\Users\\meghn\\Desktop\\TeamTaskManager\\frontend'
35 warn ERESOLVE     },
35 warn ERESOLVE     location: 'node_modules/react',
35 warn ERESOLVE     isWorkspace: false,
35 warn ERESOLVE     dependents: [ [Object] ]
35 warn ERESOLVE   },
35 warn ERESOLVE   force: false,
35 warn ERESOLVE   isMine: true,
35 warn ERESOLVE   strictPeerDeps: false,
35 warn ERESOLVE   current: {
35 warn ERESOLVE     name: 'react',
35 warn ERESOLVE     version: '19.2.6',
35 warn ERESOLVE     location: 'node_modules/react',
35 warn ERESOLVE     isWorkspace: false,
35 warn ERESOLVE     dependents: [
35 warn ERESOLVE       [Object], [Object],
35 warn ERESOLVE       [Object], [Object],
35 warn ERESOLVE       [Object], [Object],
35 warn ERESOLVE       [Object], [Object],
35 warn ERESOLVE       [Object], [Object],
35 warn ERESOLVE       [Object], [Object],
35 warn ERESOLVE       [Object]
35 warn ERESOLVE     ]
35 warn ERESOLVE   }
35 warn ERESOLVE }
36 silly placeDep ROOT react-dom@18.3.1 REPLACE for: frontend@0.1.0 want: ^18.2.0
37 silly placeDep ROOT recharts@2.15.4 REPLACE for: frontend@0.1.0 want: ^2.15.1
38 silly fetch manifest scheduler@^0.23.2
39 silly packumentCache full:https://registry.npmjs.org/scheduler cache-miss
40 silly fetch manifest react-is@^18.3.1
41 silly packumentCache full:https://registry.npmjs.org/react-is cache-miss
42 silly fetch manifest react-smooth@^4.0.4
43 silly packumentCache full:https://registry.npmjs.org/react-smooth cache-miss
44 silly fetch manifest recharts-scale@^0.4.4
45 silly packumentCache full:https://registry.npmjs.org/recharts-scale cache-miss
46 silly fetch manifest victory-vendor@^36.6.8
47 silly packumentCache full:https://registry.npmjs.org/victory-vendor cache-miss
48 http cache https://registry.npmjs.org/react-is 123ms (cache hit)
49 silly packumentCache full:https://registry.npmjs.org/react-is set size:5380884 disposed:false
50 http fetch GET 200 https://registry.npmjs.org/victory-vendor 582ms (cache revalidated)
51 silly packumentCache full:https://registry.npmjs.org/victory-vendor set size:249266 disposed:false
52 http fetch GET 200 https://registry.npmjs.org/recharts-scale 597ms (cache miss)
53 silly packumentCache full:https://registry.npmjs.org/recharts-scale set size:undefined disposed:false
54 http fetch GET 200 https://registry.npmjs.org/react-smooth 606ms (cache miss)
55 silly packumentCache full:https://registry.npmjs.org/react-smooth set size:undefined disposed:false
56 http fetch GET 200 https://registry.npmjs.org/scheduler 1124ms (cache miss)
57 silly packumentCache full:https://registry.npmjs.org/scheduler set size:undefined disposed:false
58 silly placeDep ROOT scheduler@0.23.2 OK for: react-dom@18.3.1 want: ^0.23.2
59 silly fetch manifest react-router@7.15.1
60 silly packumentCache full:https://registry.npmjs.org/react-router cache-miss
61 http fetch GET 200 https://registry.npmjs.org/react-router 130ms (cache revalidated)
62 silly packumentCache full:https://registry.npmjs.org/react-router set size:3981510 disposed:false
63 silly fetch manifest react@>=18
64 silly packumentCache full:https://registry.npmjs.org/react cache-miss
65 http cache https://registry.npmjs.org/react 56ms (cache hit)
66 silly packumentCache full:https://registry.npmjs.org/react set size:6650647 disposed:false
67 silly fetch manifest react-dom@>=18
68 silly packumentCache full:https://registry.npmjs.org/react-dom cache-miss
69 http cache https://registry.npmjs.org/react-dom 32ms (cache hit)
70 silly packumentCache full:https://registry.npmjs.org/react-dom set size:8868827 disposed:false
71 silly placeDep ROOT react-router@7.15.1 OK for: react-router-dom@7.15.1 want: 7.15.1
72 silly fetch manifest cookie@^1.0.1
73 silly packumentCache full:https://registry.npmjs.org/cookie cache-miss
74 silly fetch manifest set-cookie-parser@^2.6.0
75 silly packumentCache full:https://registry.npmjs.org/set-cookie-parser cache-miss
76 http fetch GET 200 https://registry.npmjs.org/set-cookie-parser 114ms (cache revalidated)
77 silly packumentCache full:https://registry.npmjs.org/set-cookie-parser set size:73160 disposed:false
78 http fetch GET 200 https://registry.npmjs.org/cookie 116ms (cache revalidated)
79 silly packumentCache full:https://registry.npmjs.org/cookie set size:72891 disposed:false
80 silly placeDep node_modules/react-router cookie@1.1.1 OK for: react-router@7.15.1 want: ^1.0.1
81 silly placeDep ROOT set-cookie-parser@2.7.2 OK for: react-router@7.15.1 want: ^2.6.0
82 silly fetch manifest react@^16.0.0 || ^17.0.0 || ^18.0.0 || ^19.0.0
83 silly packumentCache full:https://registry.npmjs.org/react cache-miss
84 http cache https://registry.npmjs.org/react 23ms (cache hit)
85 silly packumentCache full:https://registry.npmjs.org/react set size:6650647 disposed:false
86 silly fetch manifest react-dom@^16.0.0 || ^17.0.0 || ^18.0.0 || ^19.0.0
87 silly packumentCache full:https://registry.npmjs.org/react-dom cache-miss
88 http cache https://registry.npmjs.org/react-dom 30ms (cache hit)
89 silly packumentCache full:https://registry.npmjs.org/react-dom set size:8868827 disposed:false
90 silly placeDep node_modules/recharts react-is@18.3.1 OK for: recharts@2.15.4 want: ^18.3.1
91 silly placeDep ROOT react-smooth@4.0.4 OK for: recharts@2.15.4 want: ^4.0.4
92 silly placeDep ROOT recharts-scale@0.4.5 OK for: recharts@2.15.4 want: ^0.4.4
93 silly placeDep ROOT victory-vendor@36.9.2 OK for: recharts@2.15.4 want: ^36.6.8
94 silly fetch manifest fast-equals@^5.0.1
95 silly packumentCache full:https://registry.npmjs.org/fast-equals cache-miss
96 silly fetch manifest react-transition-group@^4.4.5
97 silly packumentCache full:https://registry.npmjs.org/react-transition-group cache-miss
98 silly fetch manifest decimal.js-light@^2.4.1
99 silly packumentCache full:https://registry.npmjs.org/decimal.js-light cache-miss
100 silly fetch manifest d3-ease@^3.0.1
101 silly packumentCache full:https://registry.npmjs.org/d3-ease cache-miss
102 silly fetch manifest d3-time@^3.0.0
103 silly packumentCache full:https://registry.npmjs.org/d3-time cache-miss
104 silly fetch manifest d3-array@^3.1.6
105 silly packumentCache full:https://registry.npmjs.org/d3-array cache-miss
106 silly fetch manifest d3-scale@^4.0.2
107 silly packumentCache full:https://registry.npmjs.org/d3-scale cache-miss
108 silly fetch manifest d3-shape@^3.1.0
109 silly packumentCache full:https://registry.npmjs.org/d3-shape cache-miss
110 silly fetch manifest d3-timer@^3.0.1
111 silly packumentCache full:https://registry.npmjs.org/d3-timer cache-miss
112 silly fetch manifest @types/d3-ease@^3.0.0
113 silly packumentCache full:https://registry.npmjs.org/@types%2fd3-ease cache-miss
114 silly fetch manifest @types/d3-time@^3.0.0
115 silly packumentCache full:https://registry.npmjs.org/@types%2fd3-time cache-miss
116 http fetch GET 200 https://registry.npmjs.org/d3-timer 150ms (cache revalidated)
117 silly packumentCache full:https://registry.npmjs.org/d3-timer set size:101516 disposed:false
118 silly fetch manifest d3-interpolate@^3.0.1
119 silly packumentCache full:https://registry.npmjs.org/d3-interpolate cache-miss
120 http fetch GET 200 https://registry.npmjs.org/d3-scale 156ms (cache revalidated)
121 silly packumentCache full:https://registry.npmjs.org/d3-scale set size:514172 disposed:false
122 silly fetch manifest @types/d3-array@^3.0.3
123 silly packumentCache full:https://registry.npmjs.org/@types%2fd3-array cache-miss
124 http fetch GET 200 https://registry.npmjs.org/react-transition-group 178ms (cache miss)
125 silly packumentCache full:https://registry.npmjs.org/react-transition-group set size:undefined disposed:false
126 silly fetch manifest @types/d3-scale@^4.0.2
127 silly packumentCache full:https://registry.npmjs.org/@types%2fd3-scale cache-miss
128 http fetch GET 200 https://registry.npmjs.org/fast-equals 182ms (cache miss)
129 silly packumentCache full:https://registry.npmjs.org/fast-equals set size:undefined disposed:false
130 silly fetch manifest @types/d3-shape@^3.1.0
131 silly packumentCache full:https://registry.npmjs.org/@types%2fd3-shape cache-miss
132 http fetch GET 200 https://registry.npmjs.org/d3-interpolate 125ms (cache revalidated)
133 silly packumentCache full:https://registry.npmjs.org/d3-interpolate set size:162337 disposed:false
134 silly fetch manifest @types/d3-timer@^3.0.0
135 silly packumentCache full:https://registry.npmjs.org/@types%2fd3-timer cache-miss
136 http fetch GET 200 https://registry.npmjs.org/@types%2fd3-scale 134ms (cache revalidated)
137 silly packumentCache full:https://registry.npmjs.org/@types%2fd3-scale set size:131176 disposed:false
138 silly fetch manifest @types/d3-interpolate@^3.0.1
139 silly packumentCache full:https://registry.npmjs.org/@types%2fd3-interpolate cache-miss
140 http fetch GET 200 https://registry.npmjs.org/@types%2fd3-shape 158ms (cache revalidated)
141 silly packumentCache full:https://registry.npmjs.org/@types%2fd3-shape set size:115816 disposed:false
142 http fetch GET 200 https://registry.npmjs.org/d3-array 393ms (cache revalidated)
143 silly packumentCache full:https://registry.npmjs.org/d3-array set size:246308 disposed:false
144 http fetch GET 200 https://registry.npmjs.org/d3-shape 397ms (cache revalidated)
145 silly packumentCache full:https://registry.npmjs.org/d3-shape set size:275657 disposed:false
146 http fetch GET 200 https://registry.npmjs.org/d3-time 405ms (cache revalidated)
147 silly packumentCache full:https://registry.npmjs.org/d3-time set size:150406 disposed:false
148 http fetch GET 200 https://registry.npmjs.org/d3-ease 409ms (cache revalidated)
149 silly packumentCache full:https://registry.npmjs.org/d3-ease set size:109490 disposed:false
150 http fetch GET 200 https://registry.npmjs.org/@types%2fd3-time 411ms (cache revalidated)
151 silly packumentCache full:https://registry.npmjs.org/@types%2fd3-time set size:52652 disposed:false
152 http fetch GET 200 https://registry.npmjs.org/@types%2fd3-ease 416ms (cache revalidated)
153 silly packumentCache full:https://registry.npmjs.org/@types%2fd3-ease set size:41281 disposed:false
154 http fetch GET 200 https://registry.npmjs.org/@types%2fd3-interpolate 110ms (cache revalidated)
155 silly packumentCache full:https://registry.npmjs.org/@types%2fd3-interpolate set size:56692 disposed:false
156 http fetch GET 200 https://registry.npmjs.org/@types%2fd3-timer 146ms (cache revalidated)
157 silly packumentCache full:https://registry.npmjs.org/@types%2fd3-timer set size:38776 disposed:false
158 http fetch GET 200 https://registry.npmjs.org/@types%2fd3-array 343ms (cache revalidated)
159 silly packumentCache full:https://registry.npmjs.org/@types%2fd3-array set size:130543 disposed:false
160 http fetch GET 200 https://registry.npmjs.org/decimal.js-light 579ms (cache revalidated)
161 silly packumentCache full:https://registry.npmjs.org/decimal.js-light set size:38254 disposed:false
162 silly fetch manifest react@^16.8.0 || ^17.0.0 || ^18.0.0 || ^19.0.0
163 silly packumentCache full:https://registry.npmjs.org/react cache-miss
164 http cache https://registry.npmjs.org/react 23ms (cache hit)
165 silly packumentCache full:https://registry.npmjs.org/react set size:6650647 disposed:false
166 silly fetch manifest react-dom@^16.8.0 || ^17.0.0 || ^18.0.0 || ^19.0.0
167 silly packumentCache full:https://registry.npmjs.org/react-dom cache-miss
168 http cache https://registry.npmjs.org/react-dom 29ms (cache hit)
169 silly packumentCache full:https://registry.npmjs.org/react-dom set size:8868827 disposed:false
170 silly placeDep ROOT fast-equals@5.4.0 OK for: react-smooth@4.0.4 want: ^5.0.1
171 silly placeDep ROOT react-transition-group@4.4.5 OK for: react-smooth@4.0.4 want: ^4.4.5
172 silly fetch manifest dom-helpers@^5.0.1
173 silly packumentCache full:https://registry.npmjs.org/dom-helpers cache-miss
174 http fetch GET 200 https://registry.npmjs.org/dom-helpers 145ms (cache miss)
175 silly packumentCache full:https://registry.npmjs.org/dom-helpers set size:undefined disposed:false
176 silly placeDep ROOT dom-helpers@5.2.1 OK for: react-transition-group@4.4.5 want: ^5.0.1
177 silly fetch manifest csstype@^3.0.2
178 silly packumentCache full:https://registry.npmjs.org/csstype cache-miss
179 http fetch GET 200 https://registry.npmjs.org/csstype 254ms (cache miss)
180 silly packumentCache full:https://registry.npmjs.org/csstype set size:undefined disposed:false
181 silly placeDep ROOT csstype@3.2.3 OK for: dom-helpers@5.2.1 want: ^3.0.2
182 silly placeDep ROOT decimal.js-light@2.5.1 OK for: recharts-scale@0.4.5 want: ^2.4.1
183 silly placeDep ROOT @types/d3-array@3.2.2 OK for: victory-vendor@36.9.2 want: ^3.0.3
184 silly placeDep ROOT @types/d3-ease@3.0.2 OK for: victory-vendor@36.9.2 want: ^3.0.0
185 silly placeDep ROOT @types/d3-interpolate@3.0.4 OK for: victory-vendor@36.9.2 want: ^3.0.1
186 silly placeDep ROOT @types/d3-scale@4.0.9 OK for: victory-vendor@36.9.2 want: ^4.0.2
187 silly placeDep ROOT @types/d3-shape@3.1.8 OK for: victory-vendor@36.9.2 want: ^3.1.0
188 silly placeDep ROOT @types/d3-time@3.0.4 OK for: victory-vendor@36.9.2 want: ^3.0.0
189 silly placeDep ROOT @types/d3-timer@3.0.2 OK for: victory-vendor@36.9.2 want: ^3.0.0
190 silly placeDep ROOT d3-array@3.2.4 OK for: victory-vendor@36.9.2 want: ^3.1.6
191 silly placeDep ROOT d3-ease@3.0.1 OK for: victory-vendor@36.9.2 want: ^3.0.1
192 silly placeDep ROOT d3-interpolate@3.0.1 OK for: victory-vendor@36.9.2 want: ^3.0.1
193 silly placeDep ROOT d3-scale@4.0.2 OK for: victory-vendor@36.9.2 want: ^4.0.2
194 silly placeDep ROOT d3-shape@3.2.0 OK for: victory-vendor@36.9.2 want: ^3.1.0
195 silly placeDep ROOT d3-time@3.1.0 OK for: victory-vendor@36.9.2 want: ^3.0.0
196 silly placeDep ROOT d3-timer@3.0.1 OK for: victory-vendor@36.9.2 want: ^3.0.1
197 silly fetch manifest @types/d3-color@*
198 silly packumentCache full:https://registry.npmjs.org/@types%2fd3-color cache-miss
199 silly fetch manifest @types/d3-time@*
200 silly packumentCache full:https://registry.npmjs.org/@types%2fd3-time cache-hit
201 silly fetch manifest @types/d3-path@*
202 silly packumentCache full:https://registry.npmjs.org/@types%2fd3-path cache-miss
203 silly fetch manifest internmap@1 - 2
204 silly packumentCache full:https://registry.npmjs.org/internmap cache-miss
205 silly fetch manifest d3-color@1 - 3
206 silly packumentCache full:https://registry.npmjs.org/d3-color cache-miss
207 silly fetch manifest d3-format@1 - 3
208 silly packumentCache full:https://registry.npmjs.org/d3-format cache-miss
209 silly fetch manifest d3-time@2.1.1 - 3
210 silly packumentCache full:https://registry.npmjs.org/d3-time cache-hit
211 silly fetch manifest d3-time-format@2 - 4
212 silly packumentCache full:https://registry.npmjs.org/d3-time-format cache-miss
213 silly fetch manifest d3-path@^3.1.0
214 silly packumentCache full:https://registry.npmjs.org/d3-path cache-miss
215 http fetch GET 200 https://registry.npmjs.org/internmap 156ms (cache revalidated)
216 silly packumentCache full:https://registry.npmjs.org/internmap set size:19637 disposed:false
217 http fetch GET 200 https://registry.npmjs.org/d3-color 161ms (cache revalidated)
218 silly packumentCache full:https://registry.npmjs.org/d3-color set size:142335 disposed:false
219 http fetch GET 200 https://registry.npmjs.org/d3-time-format 163ms (cache revalidated)
220 silly packumentCache full:https://registry.npmjs.org/d3-time-format set size:124514 disposed:false
221 http fetch GET 200 https://registry.npmjs.org/d3-format 166ms (cache revalidated)
222 silly packumentCache full:https://registry.npmjs.org/d3-format set size:107249 disposed:false
223 http fetch GET 200 https://registry.npmjs.org/@types%2fd3-path 169ms (cache revalidated)
224 silly packumentCache full:https://registry.npmjs.org/@types%2fd3-path set size:41268 disposed:false
225 http fetch GET 200 https://registry.npmjs.org/@types%2fd3-color 171ms (cache revalidated)
226 silly packumentCache full:https://registry.npmjs.org/@types%2fd3-color set size:69998 disposed:false
227 http fetch GET 200 https://registry.npmjs.org/d3-path 168ms (cache revalidated)
228 silly packumentCache full:https://registry.npmjs.org/d3-path set size:77883 disposed:false
229 silly placeDep ROOT @types/d3-color@3.1.3 OK for: @types/d3-interpolate@3.0.4 want: *
230 silly placeDep ROOT @types/d3-path@3.1.1 OK for: @types/d3-shape@3.1.8 want: *
231 silly placeDep ROOT internmap@2.0.3 OK for: d3-array@3.2.4 want: 1 - 2
232 silly placeDep ROOT d3-color@3.1.0 OK for: d3-interpolate@3.0.1 want: 1 - 3
233 silly placeDep ROOT d3-format@3.1.2 OK for: d3-scale@4.0.2 want: 1 - 3
234 silly placeDep ROOT d3-time-format@4.1.0 OK for: d3-scale@4.0.2 want: 2 - 4
235 silly placeDep ROOT d3-path@3.1.0 OK for: d3-shape@3.2.0 want: ^3.1.0
236 silly reify mark retired [
236 silly reify   'C:\\Users\\meghn\\Desktop\\TeamTaskManager\\frontend\\node_modules\\@reduxjs\\toolkit'
236 silly reify ]
237 silly reify mark retired [
237 silly reify   'C:\\Users\\meghn\\Desktop\\TeamTaskManager\\frontend\\node_modules\\@standard-schema\\spec'
237 silly reify ]
238 silly reify mark retired [
238 silly reify   'C:\\Users\\meghn\\Desktop\\TeamTaskManager\\frontend\\node_modules\\@standard-schema\\utils'
238 silly reify ]
239 silly reify mark retired [
239 silly reify   'C:\\Users\\meghn\\Desktop\\TeamTaskManager\\frontend\\node_modules\\@types\\use-sync-external-store'
239 silly reify ]
240 silly reify mark retired [
240 silly reify   'C:\\Users\\meghn\\Desktop\\TeamTaskManager\\frontend\\node_modules\\es-toolkit'
240 silly reify ]
241 silly reify mark retired [
241 silly reify   'C:\\Users\\meghn\\Desktop\\TeamTaskManager\\frontend\\node_modules\\lucide-react'
241 silly reify ]
242 silly reify mark retired [
242 silly reify   'C:\\Users\\meghn\\Desktop\\TeamTaskManager\\frontend\\node_modules\\react'
242 silly reify ]
243 silly reify mark retired [
243 silly reify   'C:\\Users\\meghn\\Desktop\\TeamTaskManager\\frontend\\node_modules\\react-dom'
243 silly reify ]
244 silly reify mark retired [
244 silly reify   'C:\\Users\\meghn\\Desktop\\TeamTaskManager\\frontend\\node_modules\\react-redux'
244 silly reify ]
245 silly reify mark retired [
245 silly reify   'C:\\Users\\meghn\\Desktop\\TeamTaskManager\\frontend\\node_modules\\recharts'
245 silly reify ]
246 silly reify mark retired [
246 silly reify   'C:\\Users\\meghn\\Desktop\\TeamTaskManager\\frontend\\node_modules\\redux'
246 silly reify ]
247 silly reify mark retired [
247 silly reify   'C:\\Users\\meghn\\Desktop\\TeamTaskManager\\frontend\\node_modules\\redux-thunk'
247 silly reify ]
248 silly reify mark retired [
248 silly reify   'C:\\Users\\meghn\\Desktop\\TeamTaskManager\\frontend\\node_modules\\reselect'
248 silly reify ]
249 silly reify mark retired [
249 silly reify   'C:\\Users\\meghn\\Desktop\\TeamTaskManager\\frontend\\node_modules\\scheduler'
249 silly reify ]
250 silly reify mark retired [
250 silly reify   'C:\\Users\\meghn\\Desktop\\TeamTaskManager\\frontend\\node_modules\\use-sync-external-store'
250 silly reify ]
251 silly reify mark retired [
251 silly reify   'C:\\Users\\meghn\\Desktop\\TeamTaskManager\\frontend\\node_modules\\victory-vendor'
251 silly reify ]
252 silly reify moves {
252 silly reify   'C:\\Users\\meghn\\Desktop\\TeamTaskManager\\frontend\\node_modules\\@reduxjs\\toolkit': 'C:\\Users\\meghn\\Desktop\\TeamTaskManager\\frontend\\node_modules\\@reduxjs\\.toolkit-IeoO9dIi',
252 silly reify   'C:\\Users\\meghn\\Desktop\\TeamTaskManager\\frontend\\node_modules\\@standard-schema\\spec': 'C:\\Users\\meghn\\Desktop\\TeamTaskManager\\frontend\\node_modules\\@standard-schema\\.spec-on2MUdlL',
252 silly reify   'C:\\Users\\meghn\\Desktop\\TeamTaskManager\\frontend\\node_modules\\@standard-schema\\utils': 'C:\\Users\\meghn\\Desktop\\TeamTaskManager\\frontend\\node_modules\\@standard-schema\\.utils-Bak7MiAc',
252 silly reify   'C:\\Users\\meghn\\Desktop\\TeamTaskManager\\frontend\\node_modules\\@types\\use-sync-external-store': 'C:\\Users\\meghn\\Desktop\\TeamTaskManager\\frontend\\node_modules\\@types\\.use-sync-external-store-GzNnu1eY',
252 silly reify   'C:\\Users\\meghn\\Desktop\\TeamTaskManager\\frontend\\node_modules\\es-toolkit': 'C:\\Users\\meghn\\Desktop\\TeamTaskManager\\frontend\\node_modules\\.es-toolkit-zwKdqYXk',
252 silly reify   'C:\\Users\\meghn\\Desktop\\TeamTaskManager\\frontend\\node_modules\\lucide-react': 'C:\\Users\\meghn\\Desktop\\TeamTaskManager\\frontend\\node_modules\\.lucide-react-bTGEClVI',
252 silly reify   'C:\\Users\\meghn\\Desktop\\TeamTaskManager\\frontend\\node_modules\\react': 'C:\\Users\\meghn\\Desktop\\TeamTaskManager\\frontend\\node_modules\\.react-Z3kr2aQl',
252 silly reify   'C:\\Users\\meghn\\Desktop\\TeamTaskManager\\frontend\\node_modules\\react-dom': 'C:\\Users\\meghn\\Desktop\\TeamTaskManager\\frontend\\node_modules\\.react-dom-Xq7YI416',
252 silly reify   'C:\\Users\\meghn\\Desktop\\TeamTaskManager\\frontend\\node_modules\\react-redux': 'C:\\Users\\meghn\\Desktop\\TeamTaskManager\\frontend\\node_modules\\.react-redux-jRABJhzK',
252 silly reify   'C:\\Users\\meghn\\Desktop\\TeamTaskManager\\frontend\\node_modules\\recharts': 'C:\\Users\\meghn\\Desktop\\TeamTaskManager\\frontend\\node_modules\\.recharts-GNpOsJT5',
252 silly reify   'C:\\Users\\meghn\\Desktop\\TeamTaskManager\\frontend\\node_modules\\redux': 'C:\\Users\\meghn\\Desktop\\TeamTaskManager\\frontend\\node_modules\\.redux-kAeEn0eV',
252 silly reify   'C:\\Users\\meghn\\Desktop\\TeamTaskManager\\frontend\\node_modules\\redux-thunk': 'C:\\Users\\meghn\\Desktop\\TeamTaskManager\\frontend\\node_modules\\.redux-thunk-XEUnRAUA',
252 silly reify   'C:\\Users\\meghn\\Desktop\\TeamTaskManager\\frontend\\node_modules\\reselect': 'C:\\Users\\meghn\\Desktop\\TeamTaskManager\\frontend\\node_modules\\.reselect-s0Dy1rhF',
252 silly reify   'C:\\Users\\meghn\\Desktop\\TeamTaskManager\\frontend\\node_modules\\scheduler': 'C:\\Users\\meghn\\Desktop\\TeamTaskManager\\frontend\\node_modules\\.scheduler-pKBYZ6Y4',
252 silly reify   'C:\\Users\\meghn\\Desktop\\TeamTaskManager\\frontend\\node_modules\\use-sync-external-store': 'C:\\Users\\meghn\\Desktop\\TeamTaskManager\\frontend\\node_modules\\.use-sync-external-store-8N6aomP0',
252 silly reify   'C:\\Users\\meghn\\Desktop\\TeamTaskManager\\frontend\\node_modules\\victory-vendor': 'C:\\Users\\meghn\\Desktop\\TeamTaskManager\\frontend\\node_modules\\.victory-vendor-6myLjEWJ'
252 silly reify }
253 silly audit bulk request {
253 silly audit   '@adobe/css-tools': [ '4.4.4' ],
253 silly audit   '@alloc/quick-lru': [ '5.2.0' ],
253 silly audit   '@babel/code-frame': [ '7.29.0' ],
253 silly audit   '@babel/compat-data': [ '7.29.3' ],
253 silly audit   '@babel/core': [ '7.29.0' ],
253 silly audit   semver: [ '6.3.1', '7.8.0' ],
253 silly audit   '@babel/eslint-parser': [ '7.28.6' ],
253 silly audit   'eslint-visitor-keys': [ '2.1.0', '3.4.3' ],
253 silly audit   '@babel/generator': [ '7.29.1' ],
253 silly audit   '@babel/helper-annotate-as-pure': [ '7.27.3' ],
253 silly audit   '@babel/helper-compilation-targets': [ '7.28.6' ],
253 silly audit   '@babel/helper-create-class-features-plugin': [ '7.29.3' ],
253 silly audit   '@babel/helper-create-regexp-features-plugin': [ '7.28.5' ],
253 silly audit   '@babel/helper-define-polyfill-provider': [ '0.6.8' ],
253 silly audit   '@babel/helper-globals': [ '7.28.0' ],
253 silly audit   '@babel/helper-member-expression-to-functions': [ '7.28.5' ],
253 silly audit   '@babel/helper-module-imports': [ '7.28.6' ],
253 silly audit   '@babel/helper-module-transforms': [ '7.28.6' ],
253 silly audit   '@babel/helper-optimise-call-expression': [ '7.27.1' ],
253 silly audit   '@babel/helper-plugin-utils': [ '7.28.6' ],
253 silly audit   '@babel/helper-remap-async-to-generator': [ '7.27.1' ],
253 silly audit   '@babel/helper-replace-supers': [ '7.28.6' ],
253 silly audit   '@babel/helper-skip-transparent-expression-wrappers': [ '7.27.1' ],
253 silly audit   '@babel/helper-string-parser': [ '7.27.1' ],
253 silly audit   '@babel/helper-validator-identifier': [ '7.28.5' ],
253 silly audit   '@babel/helper-validator-option': [ '7.27.1' ],
253 silly audit   '@babel/helper-wrap-function': [ '7.28.6' ],
253 silly audit   '@babel/helpers': [ '7.29.2' ],
253 silly audit   '@babel/parser': [ '7.29.3' ],
253 silly audit   '@babel/plugin-bugfix-firefox-class-in-computed-class-key': [ '7.28.5' ],
253 silly audit   '@babel/plugin-bugfix-safari-class-field-initializer-scope': [ '7.27.1' ],
253 silly audit   '@babel/plugin-bugfix-safari-id-destructuring-collision-in-function-expression': [ '7.27.1' ],
253 silly audit   '@babel/plugin-bugfix-safari-rest-destructuring-rhs-array': [ '7.29.3' ],
253 silly audit   '@babel/plugin-bugfix-v8-spread-parameters-in-optional-chaining': [ '7.27.1' ],
253 silly audit   '@babel/plugin-bugfix-v8-static-class-fields-redefine-readonly': [ '7.28.6' ],
253 silly audit   '@babel/plugin-proposal-class-properties': [ '7.18.6' ],
253 silly audit   '@babel/plugin-proposal-decorators': [ '7.29.0' ],
253 silly audit   '@babel/plugin-proposal-nullish-coalescing-operator': [ '7.18.6' ],
253 silly audit   '@babel/plugin-proposal-numeric-separator': [ '7.18.6' ],
253 silly audit   '@babel/plugin-proposal-optional-chaining': [ '7.21.0' ],
253 silly audit   '@babel/plugin-proposal-private-methods': [ '7.18.6' ],
253 silly audit   '@babel/plugin-proposal-private-property-in-object': [ '7.21.0-placeholder-for-preset-env.2', '7.21.11' ],
253 silly audit   '@babel/plugin-syntax-async-generators': [ '7.8.4' ],
253 silly audit   '@babel/plugin-syntax-bigint': [ '7.8.3' ],
253 silly audit   '@babel/plugin-syntax-class-properties': [ '7.12.13' ],
253 silly audit   '@babel/plugin-syntax-class-static-block': [ '7.14.5' ],
253 silly audit   '@babel/plugin-syntax-decorators': [ '7.28.6' ],
253 silly audit   '@babel/plugin-syntax-flow': [ '7.28.6' ],
253 silly audit   '@babel/plugin-syntax-import-assertions': [ '7.28.6' ],
253 silly audit   '@babel/plugin-syntax-import-attributes': [ '7.28.6' ],
253 silly audit   '@babel/plugin-syntax-import-meta': [ '7.10.4' ],
253 silly audit   '@babel/plugin-syntax-json-strings': [ '7.8.3' ],
253 silly audit   '@babel/plugin-syntax-jsx': [ '7.28.6' ],
253 silly audit   '@babel/plugin-syntax-logical-assignment-operators': [ '7.10.4' ],
253 silly audit   '@babel/plugin-syntax-nullish-coalescing-operator': [ '7.8.3' ],
253 silly audit   '@babel/plugin-syntax-numeric-separator': [ '7.10.4' ],
253 silly audit   '@babel/plugin-syntax-object-rest-spread': [ '7.8.3' ],
253 silly audit   '@babel/plugin-syntax-optional-catch-binding': [ '7.8.3' ],
253 silly audit   '@babel/plugin-syntax-optional-chaining': [ '7.8.3' ],
253 silly audit   '@babel/plugin-syntax-private-property-in-object': [ '7.14.5' ],
253 silly audit   '@babel/plugin-syntax-top-level-await': [ '7.14.5' ],
253 silly audit   '@babel/plugin-syntax-typescript': [ '7.28.6' ],
253 silly audit   '@babel/plugin-syntax-unicode-sets-regex': [ '7.18.6' ],
253 silly audit   '@babel/plugin-transform-arrow-functions': [ '7.27.1' ],
253 silly audit   '@babel/plugin-transform-async-generator-functions': [ '7.29.0' ],
253 silly audit   '@babel/plugin-transform-async-to-generator': [ '7.28.6' ],
253 silly audit   '@babel/plugin-transform-block-scoped-functions': [ '7.27.1' ],
253 silly audit   '@babel/plugin-transform-block-scoping': [ '7.28.6' ],
253 silly audit   '@babel/plugin-transform-class-properties': [ '7.28.6' ],
253 silly audit   '@babel/plugin-transform-class-static-block': [ '7.28.6' ],
253 silly audit   '@babel/plugin-transform-classes': [ '7.28.6' ],
253 silly audit   '@babel/plugin-transform-computed-properties': [ '7.28.6' ],
253 silly audit   '@babel/plugin-transform-destructuring': [ '7.28.5' ],
253 silly audit   '@babel/plugin-transform-dotall-regex': [ '7.28.6' ],
253 silly audit   '@babel/plugin-transform-duplicate-keys': [ '7.27.1' ],
253 silly audit   '@babel/plugin-transform-duplicate-named-capturing-groups-regex': [ '7.29.0' ],
253 silly audit   '@babel/plugin-transform-dynamic-import': [ '7.27.1' ],
253 silly audit   '@babel/plugin-transform-explicit-resource-management': [ '7.28.6' ],
253 silly audit   '@babel/plugin-transform-exponentiation-operator': [ '7.28.6' ],
253 silly audit   '@babel/plugin-transform-export-namespace-from': [ '7.27.1' ],
253 silly audit   '@babel/plugin-transform-flow-strip-types': [ '7.27.1' ],
253 silly audit   '@babel/plugin-transform-for-of': [ '7.27.1' ],
253 silly audit   '@babel/plugin-transform-function-name': [ '7.27.1' ],
253 silly audit   '@babel/plugin-transform-json-strings': [ '7.28.6' ],
253 silly audit   '@babel/plugin-transform-literals': [ '7.27.1' ],
253 silly audit   '@babel/plugin-transform-logical-assignment-operators': [ '7.28.6' ],
253 silly audit   '@babel/plugin-transform-member-expression-literals': [ '7.27.1' ],
253 silly audit   '@babel/plugin-transform-modules-amd': [ '7.27.1' ],
253 silly audit   '@babel/plugin-transform-modules-commonjs': [ '7.28.6' ],
253 silly audit   '@babel/plugin-transform-modules-systemjs': [ '7.29.4' ],
253 silly audit   '@babel/plugin-transform-modules-umd': [ '7.27.1' ],
253 silly audit   '@babel/plugin-transform-named-capturing-groups-regex': [ '7.29.0' ],
253 silly audit   '@babel/plugin-transform-new-target': [ '7.27.1' ],
253 silly audit   '@babel/plugin-transform-nullish-coalescing-operator': [ '7.28.6' ],
253 silly audit   '@babel/plugin-transform-numeric-separator': [ '7.28.6' ],
253 silly audit   '@babel/plugin-transform-object-rest-spread': [ '7.28.6' ],
253 silly audit   '@babel/plugin-transform-object-super': [ '7.27.1' ],
253 silly audit   '@babel/plugin-transform-optional-catch-binding': [ '7.28.6' ],
253 silly audit   '@babel/plugin-transform-optional-chaining': [ '7.28.6' ],
253 silly audit   '@babel/plugin-transform-parameters': [ '7.27.7' ],
253 silly audit   '@babel/plugin-transform-private-methods': [ '7.28.6' ],
253 silly audit   '@babel/plugin-transform-private-property-in-object': [ '7.28.6' ],
253 silly audit   '@babel/plugin-transform-property-literals': [ '7.27.1' ],
253 silly audit   '@babel/plugin-transform-react-constant-elements': [ '7.27.1' ],
253 silly audit   '@babel/plugin-transform-react-display-name': [ '7.28.0' ],
253 silly audit   '@babel/plugin-transform-react-jsx': [ '7.28.6' ],
253 silly audit   '@babel/plugin-transform-react-jsx-development': [ '7.27.1' ],
253 silly audit   '@babel/plugin-transform-react-pure-annotations': [ '7.27.1' ],
253 silly audit   '@babel/plugin-transform-regenerator': [ '7.29.0' ],
253 silly audit   '@babel/plugin-transform-regexp-modifiers': [ '7.28.6' ],
253 silly audit   '@babel/plugin-transform-reserved-words': [ '7.27.1' ],
253 silly audit   '@babel/plugin-transform-runtime': [ '7.29.0' ],
253 silly audit   'babel-plugin-polyfill-corejs3': [ '0.13.0', '0.14.2' ],
253 silly audit   '@babel/plugin-transform-shorthand-properties': [ '7.27.1' ],
253 silly audit   '@babel/plugin-transform-spread': [ '7.28.6' ],
253 silly audit   '@babel/plugin-transform-sticky-regex': [ '7.27.1' ],
253 silly audit   '@babel/plugin-transform-template-literals': [ '7.27.1' ],
253 silly audit   '@babel/plugin-transform-typeof-symbol': [ '7.27.1' ],
253 silly audit   '@babel/plugin-transform-typescript': [ '7.28.6' ],
253 silly audit   '@babel/plugin-transform-unicode-escapes': [ '7.27.1' ],
253 silly audit   '@babel/plugin-transform-unicode-property-regex': [ '7.28.6' ],
253 silly audit   '@babel/plugin-transform-unicode-regex': [ '7.27.1' ],
253 silly audit   '@babel/plugin-transform-unicode-sets-regex': [ '7.28.6' ],
253 silly audit   '@babel/preset-env': [ '7.29.5' ],
253 silly audit   '@babel/preset-modules': [ '0.1.6-no-external-plugins' ],
253 silly audit   '@babel/preset-react': [ '7.28.5' ],
253 silly audit   '@babel/preset-typescript': [ '7.28.5' ],
253 silly audit   '@babel/runtime': [ '7.29.2' ],
253 silly audit   '@babel/template': [ '7.28.6' ],
253 silly audit   '@babel/traverse': [ '7.29.0' ],
253 silly audit   '@babel/types': [ '7.29.0' ],
253 silly audit   '@bcoe/v8-coverage': [ '0.2.3' ],
253 silly audit   '@csstools/normalize.css': [ '12.1.1' ],
253 silly audit   '@csstools/postcss-cascade-layers': [ '1.1.1' ],
253 silly audit   '@csstools/postcss-color-function': [ '1.1.1' ],
253 silly audit   '@csstools/postcss-font-format-keywords': [ '1.0.1' ],
253 silly audit   '@csstools/postcss-hwb-function': [ '1.0.2' ],
253 silly audit   '@csstools/postcss-ic-unit': [ '1.0.1' ],
253 silly audit   '@csstools/postcss-is-pseudo-class': [ '2.0.7' ],
253 silly audit   '@csstools/postcss-nested-calc': [ '1.0.0' ],
253 silly audit   '@csstools/postcss-normalize-display-values': [ '1.0.1' ],
253 silly audit   '@csstools/postcss-oklab-function': [ '1.1.1' ],
253 silly audit   '@csstools/postcss-progressive-custom-properties': [ '1.3.0' ],
253 silly audit   '@csstools/postcss-stepped-value-functions': [ '1.0.1' ],
253 silly audit   '@csstools/postcss-text-decoration-shorthand': [ '1.0.0' ],
253 silly audit   '@csstools/postcss-trigonometric-functions': [ '1.0.2' ],
253 silly audit   '@csstools/postcss-unset-value': [ '1.0.2' ],
253 silly audit   '@csstools/selector-specificity': [ '2.2.0' ],
253 silly audit   '@eslint-community/eslint-utils': [ '4.9.1' ],
253 silly audit   '@eslint-community/regexpp': [ '4.12.2' ],
253 silly audit   '@eslint/eslintrc': [ '2.1.4' ],
253 silly audit   argparse: [ '2.0.1', '1.0.10' ],
253 silly audit   'js-yaml': [ '4.1.1', '3.14.2' ],
253 silly audit   '@eslint/js': [ '8.57.1' ],
253 silly audit   '@humanwhocodes/config-array': [ '0.13.0' ],
253 silly audit   '@humanwhocodes/module-importer': [ '1.0.1' ],
253 silly audit   '@humanwhocodes/object-schema': [ '2.0.3' ],
253 silly audit   '@istanbuljs/load-nyc-config': [ '1.1.0' ],
253 silly audit   camelcase: [ '5.3.1', '6.3.0' ],
253 silly audit   '@istanbuljs/schema': [ '0.1.6' ],
253 silly audit   '@jest/console': [ '27.5.1', '28.1.3' ],
253 silly audit   '@jest/core': [ '27.5.1' ],
253 silly audit   '@jest/environment': [ '27.5.1' ],
253 silly audit   '@jest/fake-timers': [ '27.5.1' ],
253 silly audit   '@jest/globals': [ '27.5.1' ],
253 silly audit   '@jest/reporters': [ '27.5.1' ],
253 silly audit   'source-map': [ '0.6.1', '0.7.6', '0.8.0-beta.0' ],
253 silly audit   '@jest/schemas': [ '28.1.3' ],
253 silly audit   '@jest/source-map': [ '27.5.1' ],
253 silly audit   '@jest/test-result': [ '27.5.1', '28.1.3' ],
253 silly audit   '@jest/test-sequencer': [ '27.5.1' ],
253 silly audit   '@jest/transform': [ '27.5.1' ],
253 silly audit   'convert-source-map': [ '1.9.0', '2.0.0' ],
253 silly audit   '@jest/types': [ '27.5.1', '28.1.3' ],
253 silly audit   '@jridgewell/gen-mapping': [ '0.3.13' ],
253 silly audit   '@jridgewell/remapping': [ '2.3.5' ],
253 silly audit   '@jridgewell/resolve-uri': [ '3.1.2' ],
253 silly audit   '@jridgewell/source-map': [ '0.3.11' ],
253 silly audit   '@jridgewell/sourcemap-codec': [ '1.5.5' ],
253 silly audit   '@jridgewell/trace-mapping': [ '0.3.31' ],
253 silly audit   '@leichtgewicht/ip-codec': [ '2.0.5' ],
253 silly audit   '@nicolo-ribaudo/eslint-scope-5-internals': [ '5.1.1-v1' ],
253 silly audit   'eslint-scope': [ '5.1.1', '7.2.2' ],
253 silly audit   estraverse: [ '4.3.0', '5.3.0' ],
253 silly audit   '@nodelib/fs.scandir': [ '2.1.5' ],
253 silly audit   '@nodelib/fs.stat': [ '2.0.5' ],
253 silly audit   '@nodelib/fs.walk': [ '1.2.8' ],
253 silly audit   '@pmmmwh/react-refresh-webpack-plugin': [ '0.5.17' ],
253 silly audit   immer: [ '9.0.21' ],
253 silly audit   '@rollup/plugin-babel': [ '5.3.1' ],
253 silly audit   '@rollup/plugin-node-resolve': [ '11.2.1' ],
253 silly audit   '@rollup/plugin-replace': [ '2.4.2' ],
253 silly audit   '@rollup/pluginutils': [ '3.1.0' ],
253 silly audit   '@types/estree': [ '0.0.39', '1.0.9' ],
253 silly audit   '@rtsao/scc': [ '1.1.0' ],
253 silly audit   '@rushstack/eslint-patch': [ '1.16.1' ],
253 silly audit   '@sinclair/typebox': [ '0.24.51' ],
253 silly audit   '@sinonjs/commons': [ '1.8.6' ],
253 silly audit   '@sinonjs/fake-timers': [ '8.1.0' ],
253 silly audit   '@surma/rollup-plugin-off-main-thread': [ '2.2.3' ],
253 silly audit   '@svgr/babel-plugin-add-jsx-attribute': [ '5.4.0' ],
253 silly audit   '@svgr/babel-plugin-remove-jsx-attribute': [ '5.4.0' ],
253 silly audit   '@svgr/babel-plugin-remove-jsx-empty-expression': [ '5.0.1' ],
253 silly audit   '@svgr/babel-plugin-replace-jsx-attribute-value': [ '5.0.1' ],
253 silly audit   '@svgr/babel-plugin-svg-dynamic-title': [ '5.4.0' ],
253 silly audit   '@svgr/babel-plugin-svg-em-dimensions': [ '5.4.0' ],
253 silly audit   '@svgr/babel-plugin-transform-react-native-svg': [ '5.4.0' ],
253 silly audit   '@svgr/babel-plugin-transform-svg-component': [ '5.5.0' ],
253 silly audit   '@svgr/babel-preset': [ '5.5.0' ],
253 silly audit   '@svgr/core': [ '5.5.0' ],
253 silly audit   '@svgr/hast-util-to-babel-ast': [ '5.5.0' ],
253 silly audit   '@svgr/plugin-jsx': [ '5.5.0' ],
253 silly audit   '@svgr/plugin-svgo': [ '5.5.0' ],
253 silly audit   '@svgr/webpack': [ '5.5.0' ],
253 silly audit   '@testing-library/dom': [ '10.4.1' ],
253 silly audit   'aria-query': [ '5.3.0', '5.3.2' ],
253 silly audit   '@testing-library/jest-dom': [ '6.9.1' ],
253 silly audit   'dom-accessibility-api': [ '0.6.3', '0.5.16' ],
253 silly audit   '@testing-library/react': [ '16.3.2' ],
253 silly audit   '@testing-library/user-event': [ '13.5.0' ],
253 silly audit   '@tootallnate/once': [ '1.1.2' ],
253 silly audit   '@types/aria-query': [ '5.0.4' ],
253 silly audit   '@types/babel__core': [ '7.20.5' ],
253 silly audit   '@types/babel__generator': [ '7.27.0' ],
253 silly audit   '@types/babel__template': [ '7.4.4' ],
253 silly audit   '@types/babel__traverse': [ '7.28.0' ],
253 silly audit   '@types/body-parser': [ '1.19.6' ],
253 silly audit   '@types/bonjour': [ '3.5.13' ],
253 silly audit   '@types/connect': [ '3.4.38' ],
253 silly audit   '@types/connect-history-api-fallback': [ '1.5.4' ],
253 silly audit   '@types/eslint': [ '8.56.12' ],
253 silly audit   '@types/eslint-scope': [ '3.7.7' ],
253 silly audit   '@types/express': [ '4.17.25' ],
253 silly audit   '@types/express-serve-static-core': [ '4.19.8', '5.1.1' ],
253 silly audit   '@types/graceful-fs': [ '4.1.9' ],
253 silly audit   '@types/html-minifier-terser': [ '6.1.0' ],
253 silly audit   '@types/http-errors': [ '2.0.5' ],
253 silly audit   '@types/http-proxy': [ '1.17.17' ],
253 silly audit   '@types/istanbul-lib-coverage': [ '2.0.6' ],
253 silly audit   '@types/istanbul-lib-report': [ '3.0.3' ],
253 silly audit   '@types/istanbul-reports': [ '3.0.4' ],
253 silly audit   '@types/json-schema': [ '7.0.15' ],
253 silly audit   '@types/json5': [ '0.0.29' ],
253 silly audit   '@types/mime': [ '1.3.5' ],
253 silly audit   '@types/node': [ '25.9.1' ],
253 silly audit   '@types/node-forge': [ '1.3.14' ],
253 silly audit   '@types/parse-json': [ '4.0.2' ],
253 silly audit   '@types/prettier': [ '2.7.3' ],
253 silly audit   '@types/q': [ '1.5.8' ],
253 silly audit   '@types/qs': [ '6.15.1' ],
253 silly audit   '@types/range-parser': [ '1.2.7' ],
253 silly audit   '@types/resolve': [ '1.17.1' ],
253 silly audit   '@types/retry': [ '0.12.0' ],
253 silly audit   '@types/semver': [ '7.7.1' ],
253 silly audit   '@types/send': [ '1.2.1', '0.17.6' ],
253 silly audit   '@types/serve-index': [ '1.9.4' ],
253 silly audit   '@types/serve-static': [ '1.15.10' ],
253 silly audit   '@types/sockjs': [ '0.3.36' ],
253 silly audit   '@types/stack-utils': [ '2.0.3' ],
253 silly audit   '@types/trusted-types': [ '2.0.7' ],
253 silly audit   '@types/ws': [ '8.18.1' ],
253 silly audit   '@types/yargs': [ '16.0.11', '17.0.35' ],
253 silly audit   '@types/yargs-parser': [ '21.0.3' ],
253 silly audit   '@typescript-eslint/eslint-plugin': [ '5.62.0' ],
253 silly audit   '@typescript-eslint/experimental-utils': [ '5.62.0' ],
253 silly audit   '@typescript-eslint/parser': [ '5.62.0' ],
253 silly audit   '@typescript-eslint/scope-manager': [ '5.62.0' ],
253 silly audit   '@typescript-eslint/type-utils': [ '5.62.0' ],
253 silly audit   '@typescript-eslint/types': [ '5.62.0' ],
253 silly audit   '@typescript-eslint/typescript-estree': [ '5.62.0' ],
253 silly audit   '@typescript-eslint/utils': [ '5.62.0' ],
253 silly audit   '@typescript-eslint/visitor-keys': [ '5.62.0' ],
253 silly audit   '@ungap/structured-clone': [ '1.3.1' ],
253 silly audit   '@webassemblyjs/ast': [ '1.14.1' ],
253 silly audit   '@webassemblyjs/floating-point-hex-parser': [ '1.13.2' ],
253 silly audit   '@webassemblyjs/helper-api-error': [ '1.13.2' ],
253 silly audit   '@webassemblyjs/helper-buffer': [ '1.14.1' ],
253 silly audit   '@webassemblyjs/helper-numbers': [ '1.13.2' ],
253 silly audit   '@webassemblyjs/helper-wasm-bytecode': [ '1.13.2' ],
253 silly audit   '@webassemblyjs/helper-wasm-section': [ '1.14.1' ],
253 silly audit   '@webassemblyjs/ieee754': [ '1.13.2' ],
253 silly audit   '@webassemblyjs/leb128': [ '1.13.2' ],
253 silly audit   '@webassemblyjs/utf8': [ '1.13.2' ],
253 silly audit   '@webassemblyjs/wasm-edit': [ '1.14.1' ],
253 silly audit   '@webassemblyjs/wasm-gen': [ '1.14.1' ],
253 silly audit   '@webassemblyjs/wasm-opt': [ '1.14.1' ],
253 silly audit   '@webassemblyjs/wasm-parser': [ '1.14.1' ],
253 silly audit   '@webassemblyjs/wast-printer': [ '1.14.1' ],
253 silly audit   '@xtuc/ieee754': [ '1.2.0' ],
253 silly audit   '@xtuc/long': [ '4.2.2' ],
253 silly audit   abab: [ '2.0.6' ],
253 silly audit   accepts: [ '1.3.8' ],
253 silly audit   negotiator: [ '0.6.3', '0.6.4' ],
253 silly audit   acorn: [ '8.16.0', '7.4.1' ],
253 silly audit   'acorn-globals': [ '6.0.0' ],
253 silly audit   'acorn-import-phases': [ '1.0.4' ],
253 silly audit   'acorn-jsx': [ '5.3.2' ],
253 silly audit   'acorn-walk': [ '7.2.0' ],
253 silly audit   address: [ '1.2.2' ],
253 silly audit   'adjust-sourcemap-loader': [ '4.0.0' ],
253 silly audit   'agent-base': [ '6.0.2' ],
253 silly audit   ajv: [ '6.15.0', '8.20.0' ],
253 silly audit   'ajv-formats': [ '2.1.1' ],
253 silly audit   'json-schema-traverse': [ '1.0.0', '0.4.1' ],
253 silly audit   'ajv-keywords': [ '3.5.2', '5.1.0' ],
253 silly audit   'ansi-escapes': [ '4.3.2' ],
253 silly audit   'type-fest': [ '0.21.3', '0.16.0', '0.20.2' ],
253 silly audit   'ansi-html': [ '0.0.9' ],
253 silly audit   'ansi-html-community': [ '0.0.8' ],
253 silly audit   'ansi-regex': [ '5.0.1', '6.2.2' ],
253 silly audit   'ansi-styles': [ '4.3.0', '3.2.1', '5.2.0' ],
253 silly audit   'any-promise': [ '1.3.0' ],
253 silly audit   anymatch: [ '3.1.3' ],
253 silly audit   arg: [ '5.0.2' ],
253 silly audit   'array-buffer-byte-length': [ '1.0.2' ],
253 silly audit   'array-flatten': [ '1.1.1' ],
253 silly audit   'array-includes': [ '3.1.9' ],
253 silly audit   'array-union': [ '2.1.0' ],
253 silly audit   'array.prototype.findlast': [ '1.2.5' ],
253 silly audit   'array.prototype.findlastindex': [ '1.2.6' ],
253 silly audit   'array.prototype.flat': [ '1.3.3' ],
253 silly audit   'array.prototype.flatmap': [ '1.3.3' ],
253 silly audit   'array.prototype.reduce': [ '1.0.8' ],
253 silly audit   'array.prototype.tosorted': [ '1.1.4' ],
253 silly audit   'arraybuffer.prototype.slice': [ '1.0.4' ],
253 silly audit   asap: [ '2.0.6' ],
253 silly audit   'ast-types-flow': [ '0.0.8' ],
253 silly audit   async: [ '3.2.6' ],
253 silly audit   'async-function': [ '1.0.0' ],
253 silly audit   asynckit: [ '0.4.0' ],
253 silly audit   'at-least-node': [ '1.0.0' ],
253 silly audit   autoprefixer: [ '10.5.0' ],
253 silly audit   'available-typed-arrays': [ '1.0.7' ],
253 silly audit   'axe-core': [ '4.11.4' ],
253 silly audit   axios: [ '1.16.1' ],
253 silly audit   'form-data': [ '4.0.5', '3.0.4' ],
253 silly audit   'axobject-query': [ '4.1.0' ],
253 silly audit   'babel-jest': [ '27.5.1' ],
253 silly audit   'babel-loader': [ '8.4.1' ],
253 silly audit   'schema-utils': [ '2.7.1', '3.3.0', '2.7.0', '4.3.3' ],
253 silly audit   'babel-plugin-istanbul': [ '6.1.1' ],
253 silly audit   'babel-plugin-jest-hoist': [ '27.5.1' ],
253 silly audit   'babel-plugin-macros': [ '3.1.0' ],
253 silly audit   'babel-plugin-named-asset-import': [ '0.3.8' ],
253 silly audit   'babel-plugin-polyfill-corejs2': [ '0.4.17' ],
253 silly audit   'babel-plugin-polyfill-regenerator': [ '0.6.8' ],
253 silly audit   'babel-plugin-transform-react-remove-prop-types': [ '0.4.24' ],
253 silly audit   'babel-preset-current-node-syntax': [ '1.2.0' ],
253 silly audit   'babel-preset-jest': [ '27.5.1' ],
253 silly audit   'babel-preset-react-app': [ '10.1.0' ],
253 silly audit   'balanced-match': [ '1.0.2' ],
253 silly audit   'baseline-browser-mapping': [ '2.10.31' ],
253 silly audit   batch: [ '0.6.1' ],
253 silly audit   bfj: [ '7.1.0' ],
253 silly audit   'big.js': [ '5.2.2' ],
253 silly audit   'binary-extensions': [ '2.3.0' ],
253 silly audit   bluebird: [ '3.7.2' ],
253 silly audit   'body-parser': [ '1.20.5' ],
253 silly audit   debug: [ '2.6.9', '4.4.3', '3.2.7' ],
253 silly audit   'iconv-lite': [ '0.4.24', '0.6.3' ],
253 silly audit   ms: [ '2.0.0', '2.1.3' ],
253 silly audit   'bonjour-service': [ '1.3.0' ],
253 silly audit   boolbase: [ '1.0.0' ],
253 silly audit   'brace-expansion': [ '1.1.14', '2.1.0' ],
253 silly audit   braces: [ '3.0.3' ],
253 silly audit   'browser-process-hrtime': [ '1.0.0' ],
253 silly audit   browserslist: [ '4.28.2' ],
253 silly audit   bser: [ '2.1.1' ],
253 silly audit   'buffer-from': [ '1.1.2' ],
253 silly audit   'builtin-modules': [ '3.3.0' ],
253 silly audit   bytes: [ '3.1.2' ],
253 silly audit   'call-bind': [ '1.0.9' ],
253 silly audit   'call-bind-apply-helpers': [ '1.0.2' ],
253 silly audit   'call-bound': [ '1.0.4' ],
253 silly audit   callsites: [ '3.1.0' ],
253 silly audit   'camel-case': [ '4.1.2' ],
253 silly audit   'camelcase-css': [ '2.0.1' ],
253 silly audit   'caniuse-api': [ '3.0.0' ],
253 silly audit   'caniuse-lite': [ '1.0.30001793' ],
253 silly audit   'case-sensitive-paths-webpack-plugin': [ '2.4.0' ],
253 silly audit   chalk: [ '4.1.2', '2.4.2' ],
253 silly audit   'char-regex': [ '1.0.2', '2.0.2' ],
253 silly audit   'check-types': [ '11.2.3' ],
253 silly audit   chokidar: [ '3.6.0' ],
253 silly audit   'glob-parent': [ '5.1.2', '6.0.2' ],
253 silly audit   'chrome-trace-event': [ '1.0.4' ],
253 silly audit   'ci-info': [ '3.9.0' ],
253 silly audit   'cjs-module-lexer': [ '1.4.3' ],
253 silly audit   'clean-css': [ '5.3.3' ],
253 silly audit   cliui: [ '7.0.4' ],
253 silly audit   clsx: [ '2.1.1' ],
253 silly audit   co: [ '4.6.0' ],
253 silly audit   coa: [ '2.0.2' ],
253 silly audit   'color-convert': [ '1.9.3', '2.0.1' ],
253 silly audit   'color-name': [ '1.1.3', '1.1.4' ],
253 silly audit   'escape-string-regexp': [ '1.0.5', '4.0.0', '2.0.0' ],
253 silly audit   'has-flag': [ '3.0.0', '4.0.0' ],
253 silly audit   'supports-color': [ '5.5.0', '8.1.1', '7.2.0' ],
253 silly audit   'collect-v8-coverage': [ '1.0.3' ],
253 silly audit   colord: [ '2.9.3' ],
253 silly audit   colorette: [ '2.0.20' ],
253 silly audit   'combined-stream': [ '1.0.8' ],
253 silly audit   commander: [ '8.3.0', '7.2.0', '4.1.1', '2.20.3' ],
253 silly audit   'common-tags': [ '1.8.2' ],
253 silly audit   commondir: [ '1.0.1' ],
253 silly audit   compressible: [ '2.0.18' ],
253 silly audit   compression: [ '1.8.1' ],
253 silly audit   'concat-map': [ '0.0.1' ],
253 silly audit   'confusing-browser-globals': [ '1.0.11' ],
253 silly audit   'connect-history-api-fallback': [ '2.0.0' ],
253 silly audit   'content-disposition': [ '0.5.4' ],
253 silly audit   'content-type': [ '1.0.5' ],
253 silly audit   cookie: [ '0.7.2', '1.1.1' ],
253 silly audit   'cookie-signature': [ '1.0.7' ],
253 silly audit   'core-js': [ '3.49.0' ],
253 silly audit   'core-js-compat': [ '3.49.0' ],
253 silly audit   'core-js-pure': [ '3.49.0' ],
253 silly audit   'core-util-is': [ '1.0.3' ],
253 silly audit   cosmiconfig: [ '7.1.0', '6.0.0' ],
253 silly audit   'cross-spawn': [ '7.0.6' ],
253 silly audit   'crypto-random-string': [ '2.0.0' ],
253 silly audit   'css-blank-pseudo': [ '3.0.3' ],
253 silly audit   'css-declaration-sorter': [ '6.4.1' ],
253 silly audit   'css-has-pseudo': [ '3.0.4' ],
253 silly audit   'css-loader': [ '6.11.0' ],
253 silly audit   'css-minimizer-webpack-plugin': [ '3.4.1' ],
253 silly audit   'css-prefers-color-scheme': [ '6.0.3' ],
253 silly audit   'css-select': [ '4.3.0', '2.1.0' ],
253 silly audit   'css-select-base-adapter': [ '0.1.1' ],
253 silly audit   'css-tree': [ '1.0.0-alpha.37', '1.1.3' ],
253 silly audit   'css-what': [ '6.2.2', '3.4.2' ],
253 silly audit   'css.escape': [ '1.5.1' ],
253 silly audit   cssdb: [ '7.11.2' ],
253 silly audit   cssesc: [ '3.0.0' ],
253 silly audit   cssnano: [ '5.1.15' ],
253 silly audit   'cssnano-preset-default': [ '5.2.14' ],
253 silly audit   'cssnano-utils': [ '3.1.0' ],
253 silly audit   csso: [ '4.2.0' ],
253 silly audit   'mdn-data': [ '2.0.14', '2.0.4' ],
253 silly audit   cssom: [ '0.4.4', '0.3.8' ],
253 silly audit   cssstyle: [ '2.3.0' ],
253 silly audit   'damerau-levenshtein': [ '1.0.8' ],
253 silly audit   'data-urls': [ '2.0.0' ],
253 silly audit   'data-view-buffer': [ '1.0.2' ],
253 silly audit   'data-view-byte-length': [ '1.0.2' ],
253 silly audit   'data-view-byte-offset': [ '1.0.1' ],
253 silly audit   'decimal.js': [ '10.6.0' ],
253 silly audit   dedent: [ '0.7.0' ],
253 silly audit   'deep-is': [ '0.1.4' ],
253 silly audit   deepmerge: [ '4.3.1' ],
253 silly audit   'default-gateway': [ '6.0.3' ],
253 silly audit   'define-data-property': [ '1.1.4' ],
253 silly audit   'define-lazy-prop': [ '2.0.0' ],
253 silly audit   'define-properties': [ '1.2.1' ],
253 silly audit   'delayed-stream': [ '1.0.0' ],
253 silly audit   depd: [ '2.0.0', '1.1.2' ],
253 silly audit   dequal: [ '2.0.3' ],
253 silly audit   destroy: [ '1.2.0' ],
253 silly audit   'detect-newline': [ '3.1.0' ],
253 silly audit   'detect-node': [ '2.1.0' ],
253 silly audit   'detect-port-alt': [ '1.1.6' ],
253 silly audit   didyoumean: [ '1.2.2' ],
253 silly audit   'diff-sequences': [ '27.5.1' ],
253 silly audit   'dir-glob': [ '3.0.1' ],
253 silly audit   dlv: [ '1.1.3' ],
253 silly audit   'dns-packet': [ '5.6.1' ],
253 silly audit   doctrine: [ '3.0.0', '2.1.0' ],
253 silly audit   'dom-converter': [ '0.2.0' ],
253 silly audit   'dom-serializer': [ '1.4.1', '0.2.2' ],
253 silly audit   domelementtype: [ '2.3.0', '1.3.1' ],
253 silly audit   domexception: [ '2.0.1' ],
253 silly audit   'webidl-conversions': [ '5.0.0', '6.1.0', '4.0.2' ],
253 silly audit   domhandler: [ '4.3.1' ],
253 silly audit   domutils: [ '2.8.0', '1.7.0' ],
253 silly audit   'dot-case': [ '3.0.4' ],
253 silly audit   dotenv: [ '10.0.0' ],
253 silly audit   'dotenv-expand': [ '5.1.0' ],
253 silly audit   'dunder-proto': [ '1.0.1' ],
253 silly audit   duplexer: [ '0.1.2' ],
253 silly audit   'ee-first': [ '1.1.1' ],
253 silly audit   ejs: [ '3.1.10' ],
253 silly audit   'electron-to-chromium': [ '1.5.360' ],
253 silly audit   emittery: [ '0.8.1', '0.10.2' ],
253 silly audit   'emoji-regex': [ '9.2.2', '8.0.0' ],
253 silly audit   'emojis-list': [ '3.0.0' ],
253 silly audit   encodeurl: [ '2.0.0' ],
253 silly audit   'enhanced-resolve': [ '5.21.5' ],
253 silly audit   entities: [ '2.2.0' ],
253 silly audit   'error-ex': [ '1.3.4' ],
253 silly audit   'error-stack-parser': [ '2.1.4' ],
253 silly audit   'es-abstract': [ '1.24.2' ],
253 silly audit   'es-array-method-boxes-properly': [ '1.0.0' ],
253 silly audit   'es-define-property': [ '1.0.1' ],
253 silly audit   'es-errors': [ '1.3.0' ],
253 silly audit   'es-iterator-helpers': [ '1.3.2' ],
253 silly audit   'es-module-lexer': [ '2.1.0' ],
253 silly audit   'es-object-atoms': [ '1.1.1' ],
253 silly audit   'es-set-tostringtag': [ '2.1.0' ],
253 silly audit   'es-shim-unscopables': [ '1.1.0' ],
253 silly audit   'es-to-primitive': [ '1.3.0' ],
253 silly audit   escalade: [ '3.2.0' ],
253 silly audit   'escape-html': [ '1.0.3' ],
253 silly audit   escodegen: [ '2.1.0' ],
253 silly audit   eslint: [ '8.57.1' ],
253 silly audit   'find-up': [ '5.0.0', '4.1.0', '3.0.0' ],
253 silly audit   'locate-path': [ '6.0.0', '5.0.0', '3.0.0' ],
253 silly audit   'p-limit': [ '3.1.0', '2.3.0' ],
253 silly audit   'p-locate': [ '5.0.0', '4.1.0', '3.0.0' ],
253 silly audit   'eslint-config-react-app': [ '7.0.1' ],
253 silly audit   'eslint-import-resolver-node': [ '0.3.10' ],
253 silly audit   resolve: [ '2.0.0-next.7', '1.22.12' ],
253 silly audit   'eslint-module-utils': [ '2.12.1' ],
253 silly audit   'eslint-plugin-flowtype': [ '8.0.3' ],
253 silly audit   'eslint-plugin-import': [ '2.32.0' ],
253 silly audit   'eslint-plugin-jest': [ '25.7.0' ],
253 silly audit   'eslint-plugin-jsx-a11y': [ '6.10.2' ],
253 silly audit   'eslint-plugin-react': [ '7.37.5' ],
253 silly audit   'eslint-plugin-react-hooks': [ '4.6.2' ],
253 silly audit   'eslint-plugin-testing-library': [ '5.11.1' ],
253 silly audit   'eslint-webpack-plugin': [ '3.2.0' ],
253 silly audit   'jest-worker': [ '28.1.3', '27.5.1', '26.6.2' ],
253 silly audit   espree: [ '9.6.1' ],
253 silly audit   esprima: [ '4.0.1', '1.2.5' ],
253 silly audit   esquery: [ '1.7.0' ],
253 silly audit   esrecurse: [ '4.3.0' ],
253 silly audit   'estree-walker': [ '1.0.1' ],
253 silly audit   esutils: [ '2.0.3' ],
253 silly audit   etag: [ '1.8.1' ],
253 silly audit   eventemitter3: [ '4.0.7' ],
253 silly audit   events: [ '3.3.0' ],
253 silly audit   execa: [ '5.1.1' ],
253 silly audit   exit: [ '0.1.2' ],
253 silly audit   expect: [ '27.5.1' ],
253 silly audit   express: [ '4.22.2' ],
253 silly audit   'fast-deep-equal': [ '3.1.3' ],
253 silly audit   'fast-glob': [ '3.3.3' ],
253 silly audit   'fast-json-stable-stringify': [ '2.1.0' ],
253 silly audit   'fast-levenshtein': [ '2.0.6' ],
253 silly audit   'fast-uri': [ '3.1.2' ],
253 silly audit   fastq: [ '1.20.1' ],
253 silly audit   'faye-websocket': [ '0.11.4' ],
253 silly audit   'fb-watchman': [ '2.0.2' ],
253 silly audit   'file-entry-cache': [ '6.0.1' ],
253 silly audit   'file-loader': [ '6.2.0' ],
253 silly audit   filelist: [ '1.0.6' ],
253 silly audit   minimatch: [ '5.1.9', '3.1.5' ],
253 silly audit   filesize: [ '8.0.7' ],
253 silly audit   'fill-range': [ '7.1.1' ],
253 silly audit   finalhandler: [ '1.3.2' ],
253 silly audit   'find-cache-dir': [ '3.3.2' ],
253 silly audit   'flat-cache': [ '3.2.0' ],
253 silly audit   flatted: [ '3.4.2' ],
253 silly audit   'follow-redirects': [ '1.16.0' ],
253 silly audit   'for-each': [ '0.3.5' ],
253 silly audit   'fork-ts-checker-webpack-plugin': [ '6.5.3' ],
253 silly audit   'fs-extra': [ '9.1.0', '10.1.0' ],
253 silly audit   tapable: [ '1.1.3', '2.3.3' ],
253 silly audit   forwarded: [ '0.2.0' ],
253 silly audit   'fraction.js': [ '5.3.4' ],
253 silly audit   fresh: [ '0.5.2' ],
253 silly audit   'fs-monkey': [ '1.1.0' ],
253 silly audit   'fs.realpath': [ '1.0.0' ],
253 silly audit   'function-bind': [ '1.1.2' ],
253 silly audit   'function.prototype.name': [ '1.1.8' ],
253 silly audit   'functions-have-names': [ '1.2.3' ],
253 silly audit   'generator-function': [ '2.0.1' ],
253 silly audit   gensync: [ '1.0.0-beta.2' ],
253 silly audit   'get-caller-file': [ '2.0.5' ],
253 silly audit   'get-intrinsic': [ '1.3.0' ],
253 silly audit   'get-own-enumerable-property-symbols': [ '3.0.2' ],
253 silly audit   'get-package-type': [ '0.1.0' ],
253 silly audit   'get-proto': [ '1.0.1' ],
253 silly audit   'get-stream': [ '6.0.1' ],
253 silly audit   'get-symbol-description': [ '1.1.0' ],
253 silly audit   glob: [ '7.2.3' ],
253 silly audit   'glob-to-regexp': [ '0.4.1' ],
253 silly audit   'global-modules': [ '2.0.0' ],
253 silly audit   'global-prefix': [ '3.0.0' ],
253 silly audit   which: [ '1.3.1', '2.0.2' ],
253 silly audit   globals: [ '13.24.0' ],
253 silly audit   globalthis: [ '1.0.4' ],
253 silly audit   globby: [ '11.1.0' ],
253 silly audit   gopd: [ '1.2.0' ],
253 silly audit   'graceful-fs': [ '4.2.11' ],
253 silly audit   graphemer: [ '1.4.0' ],
253 silly audit   'gzip-size': [ '6.0.0' ],
253 silly audit   'handle-thing': [ '2.0.1' ],
253 silly audit   'harmony-reflect': [ '1.6.2' ],
253 silly audit   'has-bigints': [ '1.1.0' ],
253 silly audit   'has-property-descriptors': [ '1.0.2' ],
253 silly audit   'has-proto': [ '1.2.0' ],
253 silly audit   'has-symbols': [ '1.1.0' ],
253 silly audit   'has-tostringtag': [ '1.0.2' ],
253 silly audit   hasown: [ '2.0.3' ],
253 silly audit   he: [ '1.2.0' ],
253 silly audit   hoopy: [ '0.1.4' ],
253 silly audit   'hpack.js': [ '2.1.6' ],
253 silly audit   isarray: [ '1.0.0', '2.0.5' ],
253 silly audit   'readable-stream': [ '2.3.8', '3.6.2' ],
253 silly audit   'safe-buffer': [ '5.1.2', '5.2.1' ],
253 silly audit   string_decoder: [ '1.1.1', '1.3.0' ],
253 silly audit   'html-encoding-sniffer': [ '2.0.1' ],
253 silly audit   'html-entities': [ '2.6.0' ],
253 silly audit   'html-escaper': [ '2.0.2' ],
253 silly audit   'html-minifier-terser': [ '6.1.0' ],
253 silly audit   'html-webpack-plugin': [ '5.6.7' ],
253 silly audit   htmlparser2: [ '6.1.0' ],
253 silly audit   'http-deceiver': [ '1.2.7' ],
253 silly audit   'http-errors': [ '2.0.1', '1.8.1' ],
253 silly audit   'http-parser-js': [ '0.5.10' ],
253 silly audit   'http-proxy': [ '1.18.1' ],
253 silly audit   'http-proxy-agent': [ '4.0.1' ],
253 silly audit   'http-proxy-middleware': [ '2.0.9' ],
253 silly audit   'https-proxy-agent': [ '5.0.1' ],
253 silly audit   'human-signals': [ '2.1.0' ],
253 silly audit   'icss-utils': [ '5.1.0' ],
253 silly audit   idb: [ '7.1.1' ],
253 silly audit   'identity-obj-proxy': [ '3.0.0' ],
253 silly audit   ignore: [ '5.3.2' ],
253 silly audit   'import-fresh': [ '3.3.1' ],
253 silly audit   'resolve-from': [ '4.0.0', '5.0.0' ],
253 silly audit   'import-local': [ '3.2.0' ],
253 silly audit   imurmurhash: [ '0.1.4' ],
253 silly audit   'indent-string': [ '4.0.0' ],
253 silly audit   inflight: [ '1.0.6' ],
253 silly audit   inherits: [ '2.0.4' ],
253 silly audit   ini: [ '1.3.8' ],
253 silly audit   'internal-slot': [ '1.1.0' ],
253 silly audit   'ipaddr.js': [ '2.4.0', '1.9.1' ],
253 silly audit   'is-array-buffer': [ '3.0.5' ],
253 silly audit   'is-arrayish': [ '0.2.1' ],
253 silly audit   'is-async-function': [ '2.1.1' ],
253 silly audit   'is-bigint': [ '1.1.0' ],
253 silly audit   'is-binary-path': [ '2.1.0' ],
253 silly audit   'is-boolean-object': [ '1.2.2' ],
253 silly audit   'is-callable': [ '1.2.7' ],
253 silly audit   'is-core-module': [ '2.16.2' ],
253 silly audit   'is-data-view': [ '1.0.2' ],
253 silly audit   'is-date-object': [ '1.1.0' ],
253 silly audit   'is-docker': [ '2.2.1' ],
253 silly audit   'is-extglob': [ '2.1.1' ],
253 silly audit   'is-finalizationregistry': [ '1.1.1' ],
253 silly audit   'is-fullwidth-code-point': [ '3.0.0' ],
253 silly audit   'is-generator-fn': [ '2.1.0' ],
253 silly audit   'is-generator-function': [ '1.1.2' ],
253 silly audit   'is-glob': [ '4.0.3' ],
253 silly audit   'is-map': [ '2.0.3' ],
253 silly audit   'is-module': [ '1.0.0' ],
253 silly audit   'is-negative-zero': [ '2.0.3' ],
253 silly audit   'is-number': [ '7.0.0' ],
253 silly audit   'is-number-object': [ '1.1.1' ],
253 silly audit   'is-obj': [ '1.0.1' ],
253 silly audit   'is-path-inside': [ '3.0.3' ],
253 silly audit   'is-plain-obj': [ '3.0.0' ],
253 silly audit   'is-potential-custom-element-name': [ '1.0.1' ],
253 silly audit   'is-regex': [ '1.2.1' ],
253 silly audit   'is-regexp': [ '1.0.0' ],
253 silly audit   'is-root': [ '2.1.0' ],
253 silly audit   'is-set': [ '2.0.3' ],
253 silly audit   'is-shared-array-buffer': [ '1.0.4' ],
253 silly audit   'is-stream': [ '2.0.1' ],
253 silly audit   'is-string': [ '1.1.1' ],
253 silly audit   'is-symbol': [ '1.1.1' ],
253 silly audit   'is-typed-array': [ '1.1.15' ],
253 silly audit   'is-typedarray': [ '1.0.0' ],
253 silly audit   'is-weakmap': [ '2.0.2' ],
253 silly audit   'is-weakref': [ '1.1.1' ],
253 silly audit   'is-weakset': [ '2.0.4' ],
253 silly audit   'is-wsl': [ '2.2.0' ],
253 silly audit   isexe: [ '2.0.0' ],
253 silly audit   'istanbul-lib-coverage': [ '3.2.2' ],
253 silly audit   'istanbul-lib-instrument': [ '5.2.1' ],
253 silly audit   'istanbul-lib-report': [ '3.0.1' ],
253 silly audit   'make-dir': [ '4.0.0', '3.1.0' ],
253 silly audit   'istanbul-lib-source-maps': [ '4.0.1' ],
253 silly audit   'istanbul-reports': [ '3.2.0' ],
253 silly audit   'iterator.prototype': [ '1.1.5' ],
253 silly audit   jake: [ '10.9.4' ],
253 silly audit   jest: [ '27.5.1' ],
253 silly audit   'jest-changed-files': [ '27.5.1' ],
253 silly audit   'jest-circus': [ '27.5.1' ],
253 silly audit   'jest-cli': [ '27.5.1' ],
253 silly audit   'jest-config': [ '27.5.1' ],
253 silly audit   'jest-diff': [ '27.5.1' ],
253 silly audit   'jest-docblock': [ '27.5.1' ],
253 silly audit   'jest-each': [ '27.5.1' ],
253 silly audit   'jest-environment-jsdom': [ '27.5.1' ],
253 silly audit   'jest-environment-node': [ '27.5.1' ],
253 silly audit   'jest-get-type': [ '27.5.1' ],
253 silly audit   'jest-haste-map': [ '27.5.1' ],
253 silly audit   'jest-jasmine2': [ '27.5.1' ],
253 silly audit   'jest-leak-detector': [ '27.5.1' ],
253 silly audit   'jest-matcher-utils': [ '27.5.1' ],
253 silly audit   'jest-message-util': [ '27.5.1', '28.1.3' ],
253 silly audit   'jest-mock': [ '27.5.1' ],
253 silly audit   'jest-pnp-resolver': [ '1.2.3' ],
253 silly audit   'jest-regex-util': [ '27.5.1', '28.0.2' ],
253 silly audit   'jest-resolve': [ '27.5.1' ],
253 silly audit   'jest-resolve-dependencies': [ '27.5.1' ],
253 silly audit   'jest-runner': [ '27.5.1' ],
253 silly audit   'jest-runtime': [ '27.5.1' ],
253 silly audit   'jest-serializer': [ '27.5.1' ],
253 silly audit   'jest-snapshot': [ '27.5.1' ],
253 silly audit   'jest-util': [ '27.5.1', '28.1.3' ],
253 silly audit   'jest-validate': [ '27.5.1' ],
253 silly audit   'jest-watch-typeahead': [ '1.1.0' ],
253 silly audit   slash: [ '3.0.0', '4.0.0' ],
253 silly audit   'jest-watcher': [ '28.1.3', '27.5.1' ],
253 silly audit   'string-length': [ '4.0.2', '5.0.1' ],
253 silly audit   'strip-ansi': [ '6.0.1', '7.2.0' ],
253 silly audit   'pretty-format': [ '28.1.3', '27.5.1' ],
253 silly audit   'react-is': [ '18.3.1', '16.13.1', '17.0.2' ],
253 silly audit   jiti: [ '1.21.7' ],
253 silly audit   'js-tokens': [ '4.0.0' ],
253 silly audit   jsdom: [ '16.7.0' ],
253 silly audit   jsesc: [ '3.1.0' ],
253 silly audit   'json-buffer': [ '3.0.1' ],
253 silly audit   'json-parse-even-better-errors': [ '2.3.1' ],
253 silly audit   'json-stable-stringify-without-jsonify': [ '1.0.1' ],
253 silly audit   json5: [ '2.2.3', '1.0.2' ],
253 silly audit   jsonfile: [ '6.2.1' ],
253 silly audit   jsonpath: [ '1.3.0' ],
253 silly audit   jsonpointer: [ '5.0.1' ],
253 silly audit   'jsx-ast-utils': [ '3.3.5' ],
253 silly audit   keyv: [ '4.5.4' ],
253 silly audit   'kind-of': [ '6.0.3' ],
253 silly audit   kleur: [ '3.0.3' ],
253 silly audit   klona: [ '2.0.6' ],
253 silly audit   'language-subtag-registry': [ '0.3.23' ],
253 silly audit   'language-tags': [ '1.0.9' ],
253 silly audit   'launch-editor': [ '2.13.2' ],
253 silly audit   leven: [ '3.1.0' ],
253 silly audit   levn: [ '0.4.1' ],
253 silly audit   lilconfig: [ '2.1.0', '3.1.3' ],
253 silly audit   'lines-and-columns': [ '1.2.4' ],
253 silly audit   'loader-runner': [ '4.3.2' ],
253 silly audit   'loader-utils': [ '2.0.4', '3.3.1' ],
253 silly audit   lodash: [ '4.18.1' ],
253 silly audit   'lodash.debounce': [ '4.0.8' ],
253 silly audit   'lodash.memoize': [ '4.1.2' ],
253 silly audit   'lodash.merge': [ '4.6.2' ],
253 silly audit   'lodash.sortby': [ '4.7.0' ],
253 silly audit   'lodash.uniq': [ '4.5.0' ],
253 silly audit   'loose-envify': [ '1.4.0' ],
253 silly audit   'lower-case': [ '2.0.2' ],
253 silly audit   'lru-cache': [ '5.1.1' ],
253 silly audit   'lz-string': [ '1.5.0' ],
253 silly audit   'magic-string': [ '0.25.9' ],
253 silly audit   makeerror: [ '1.0.12' ],
253 silly audit   'math-intrinsics': [ '1.1.0' ],
253 silly audit   'media-typer': [ '0.3.0' ],
253 silly audit   memfs: [ '3.5.3' ],
253 silly audit   'merge-descriptors': [ '1.0.3' ],
253 silly audit   'merge-stream': [ '2.0.0' ],
253 silly audit   merge2: [ '1.4.1' ],
253 silly audit   methods: [ '1.1.2' ],
253 silly audit   micromatch: [ '4.0.8' ],
253 silly audit   mime: [ '1.6.0' ],
253 silly audit   'mime-db': [ '1.52.0', '1.54.0' ],
253 silly audit   'mime-types': [ '2.1.35' ],
253 silly audit   'mimic-fn': [ '2.1.0' ],
253 silly audit   'min-indent': [ '1.0.1' ],
253 silly audit   'mini-css-extract-plugin': [ '2.10.2' ],
253 silly audit   'minimalistic-assert': [ '1.0.1' ],
253 silly audit   minimist: [ '1.2.8' ],
253 silly audit   mkdirp: [ '0.5.6' ],
253 silly audit   'multicast-dns': [ '7.2.5' ],
253 silly audit   mz: [ '2.7.0' ],
253 silly audit   nanoid: [ '3.3.12' ],
253 silly audit   'natural-compare': [ '1.4.0' ],
253 silly audit   'natural-compare-lite': [ '1.4.0' ],
253 silly audit   'neo-async': [ '2.6.2' ],
253 silly audit   'no-case': [ '3.0.4' ],
253 silly audit   'node-exports-info': [ '1.6.0' ],
253 silly audit   'node-forge': [ '1.4.0' ],
253 silly audit   'node-int64': [ '0.4.0' ],
253 silly audit   'node-releases': [ '2.0.44' ],
253 silly audit   'normalize-path': [ '3.0.0' ],
253 silly audit   'normalize-url': [ '6.1.0' ],
253 silly audit   'npm-run-path': [ '4.0.1' ],
253 silly audit   'nth-check': [ '2.1.1', '1.0.2' ],
253 silly audit   nwsapi: [ '2.2.23' ],
253 silly audit   'object-assign': [ '4.1.1' ],
253 silly audit   'object-hash': [ '3.0.0' ],
253 silly audit   'object-inspect': [ '1.13.4' ],
253 silly audit   'object-keys': [ '1.1.1' ],
253 silly audit   'object.assign': [ '4.1.7' ],
253 silly audit   'object.entries': [ '1.1.9' ],
253 silly audit   'object.fromentries': [ '2.0.8' ],
253 silly audit   'object.getownpropertydescriptors': [ '2.1.9' ],
253 silly audit   'object.groupby': [ '1.0.3' ],
253 silly audit   'object.values': [ '1.2.1' ],
253 silly audit   obuf: [ '1.1.2' ],
253 silly audit   'on-finished': [ '2.4.1' ],
253 silly audit   'on-headers': [ '1.1.0' ],
253 silly audit   once: [ '1.4.0' ],
253 silly audit   onetime: [ '5.1.2' ],
253 silly audit   open: [ '8.4.2' ],
253 silly audit   optionator: [ '0.9.4' ],
253 silly audit   'own-keys': [ '1.0.1' ],
253 silly audit   'p-retry': [ '4.6.2' ],
253 silly audit   'p-try': [ '2.2.0' ],
253 silly audit   'param-case': [ '3.0.4' ],
253 silly audit   'parent-module': [ '1.0.1' ],
253 silly audit   'parse-json': [ '5.2.0' ],
253 silly audit   parse5: [ '6.0.1' ],
253 silly audit   parseurl: [ '1.3.3' ],
253 silly audit   'pascal-case': [ '3.1.2' ],
253 silly audit   'path-exists': [ '4.0.0', '3.0.0' ],
253 silly audit   'path-is-absolute': [ '1.0.1' ],
253 silly audit   'path-key': [ '3.1.1' ],
253 silly audit   'path-parse': [ '1.0.7' ],
253 silly audit   'path-to-regexp': [ '0.1.13' ],
253 silly audit   'path-type': [ '4.0.0' ],
253 silly audit   'performance-now': [ '2.1.0' ],
253 silly audit   picocolors: [ '1.1.1', '0.2.1' ],
253 silly audit   picomatch: [ '2.3.2', '4.0.4' ],
253 silly audit   pify: [ '2.3.0' ],
253 silly audit   pirates: [ '4.0.7' ],
253 silly audit   'pkg-dir': [ '4.2.0' ],
253 silly audit   'pkg-up': [ '3.1.0' ],
253 silly audit   'possible-typed-array-names': [ '1.1.0' ],
253 silly audit   postcss: [ '8.5.15', '7.0.39' ],
253 silly audit   'postcss-attribute-case-insensitive': [ '5.0.2' ],
253 silly audit   'postcss-browser-comments': [ '4.0.0' ],
253 silly audit   'postcss-calc': [ '8.2.4' ],
253 silly audit   'postcss-clamp': [ '4.1.0' ],
253 silly audit   'postcss-color-functional-notation': [ '4.2.4' ],
253 silly audit   'postcss-color-hex-alpha': [ '8.0.4' ],
253 silly audit   'postcss-color-rebeccapurple': [ '7.1.1' ],
253 silly audit   'postcss-colormin': [ '5.3.1' ],
253 silly audit   'postcss-convert-values': [ '5.1.3' ],
253 silly audit   'postcss-custom-media': [ '8.0.2' ],
253 silly audit   'postcss-custom-properties': [ '12.1.11' ],
253 silly audit   'postcss-custom-selectors': [ '6.0.3' ],
253 silly audit   'postcss-dir-pseudo-class': [ '6.0.5' ],
253 silly audit   'postcss-discard-comments': [ '5.1.2' ],
253 silly audit   'postcss-discard-duplicates': [ '5.1.0' ],
253 silly audit   'postcss-discard-empty': [ '5.1.1' ],
253 silly audit   'postcss-discard-overridden': [ '5.1.0' ],
253 silly audit   'postcss-double-position-gradients': [ '3.1.2' ],
253 silly audit   'postcss-env-function': [ '4.0.6' ],
253 silly audit   'postcss-flexbugs-fixes': [ '5.0.2' ],
253 silly audit   'postcss-focus-visible': [ '6.0.4' ],
253 silly audit   'postcss-focus-within': [ '5.0.4' ],
253 silly audit   'postcss-font-variant': [ '5.0.0' ],
253 silly audit   'postcss-gap-properties': [ '3.0.5' ],
253 silly audit   'postcss-image-set-function': [ '4.0.7' ],
253 silly audit   'postcss-import': [ '15.1.0' ],
253 silly audit   'postcss-initial': [ '4.0.1' ],
253 silly audit   'postcss-js': [ '4.1.0' ],
253 silly audit   'postcss-lab-function': [ '4.2.1' ],
253 silly audit   'postcss-loader': [ '6.2.1' ],
253 silly audit   'postcss-logical': [ '5.0.4' ],
253 silly audit   'postcss-media-minmax': [ '5.0.0' ],
253 silly audit   'postcss-merge-longhand': [ '5.1.7' ],
253 silly audit   'postcss-merge-rules': [ '5.1.4' ],
253 silly audit   'postcss-minify-font-values': [ '5.1.0' ],
253 silly audit   'postcss-minify-gradients': [ '5.1.1' ],
253 silly audit   'postcss-minify-params': [ '5.1.4' ],
253 silly audit   'postcss-minify-selectors': [ '5.2.1' ],
253 silly audit   'postcss-modules-extract-imports': [ '3.1.0' ],
253 silly audit   'postcss-modules-local-by-default': [ '4.2.0' ],
253 silly audit   'postcss-selector-parser': [ '7.1.1', '6.1.2' ],
253 silly audit   'postcss-modules-scope': [ '3.2.1' ],
253 silly audit   'postcss-modules-values': [ '4.0.0' ],
253 silly audit   'postcss-nested': [ '6.2.0' ],
253 silly audit   'postcss-nesting': [ '10.2.0' ],
253 silly audit   'postcss-normalize': [ '10.0.1' ],
253 silly audit   'postcss-normalize-charset': [ '5.1.0' ],
253 silly audit   'postcss-normalize-display-values': [ '5.1.0' ],
253 silly audit   'postcss-normalize-positions': [ '5.1.1' ],
253 silly audit   'postcss-normalize-repeat-style': [ '5.1.1' ],
253 silly audit   'postcss-normalize-string': [ '5.1.0' ],
253 silly audit   'postcss-normalize-timing-functions': [ '5.1.0' ],
253 silly audit   'postcss-normalize-unicode': [ '5.1.1' ],
253 silly audit   'postcss-normalize-url': [ '5.1.0' ],
253 silly audit   'postcss-normalize-whitespace': [ '5.1.1' ],
253 silly audit   'postcss-opacity-percentage': [ '1.1.3' ],
253 silly audit   'postcss-ordered-values': [ '5.1.3' ],
253 silly audit   'postcss-overflow-shorthand': [ '3.0.4' ],
253 silly audit   'postcss-page-break': [ '3.0.4' ],
253 silly audit   'postcss-place': [ '7.0.5' ],
253 silly audit   'postcss-preset-env': [ '7.8.3' ],
253 silly audit   'postcss-pseudo-class-any-link': [ '7.1.6' ],
253 silly audit   'postcss-reduce-initial': [ '5.1.2' ],
253 silly audit   'postcss-reduce-transforms': [ '5.1.0' ],
253 silly audit   'postcss-replace-overflow-wrap': [ '4.0.0' ],
253 silly audit   'postcss-selector-not': [ '6.0.1' ],
253 silly audit   'postcss-svgo': [ '5.1.0' ],
253 silly audit   sax: [ '1.6.0', '1.2.4' ],
253 silly audit   svgo: [ '2.8.2', '1.3.2' ],
253 silly audit   'postcss-unique-selectors': [ '5.1.1' ],
253 silly audit   'postcss-value-parser': [ '4.2.0' ],
253 silly audit   'prelude-ls': [ '1.2.1' ],
253 silly audit   'pretty-bytes': [ '5.6.0' ],
253 silly audit   'pretty-error': [ '4.0.0' ],
253 silly audit   'process-nextick-args': [ '2.0.1' ],
253 silly audit   promise: [ '8.3.0' ],
253 silly audit   prompts: [ '2.4.2' ],
253 silly audit   'prop-types': [ '15.8.1' ],
253 silly audit   'proxy-addr': [ '2.0.7' ],
253 silly audit   'proxy-from-env': [ '2.1.0' ],
253 silly audit   psl: [ '1.15.0' ],
253 silly audit   punycode: [ '2.3.1' ],
253 silly audit   q: [ '1.5.1' ],
253 silly audit   qs: [ '6.15.2' ],
253 silly audit   querystringify: [ '2.2.0' ],
253 silly audit   'queue-microtask': [ '1.2.3' ],
253 silly audit   raf: [ '3.4.1' ],
253 silly audit   randombytes: [ '2.1.0' ],
253 silly audit   'range-parser': [ '1.2.1' ],
253 silly audit   'raw-body': [ '2.5.3' ],
253 silly audit   'react-app-polyfill': [ '3.0.0' ],
253 silly audit   'react-dev-utils': [ '12.0.1' ],
253 silly audit   'react-error-overlay': [ '6.1.0' ],
253 silly audit   'react-icons': [ '5.6.0' ],
253 silly audit   'react-refresh': [ '0.11.0' ],
253 silly audit   'react-router-dom': [ '7.15.1' ],
253 silly audit   'react-scripts': [ '5.0.1' ],
253 silly audit   'react-toastify': [ '11.1.0' ],
253 silly audit   'read-cache': [ '1.0.0' ],
253 silly audit   readdirp: [ '3.6.0' ],
253 silly audit   'recursive-readdir': [ '2.2.3' ],
253 silly audit   redent: [ '3.0.0' ],
253 silly audit   'reflect.getprototypeof': [ '1.0.10' ],
253 silly audit   regenerate: [ '1.4.2' ],
253 silly audit   'regenerate-unicode-properties': [ '10.2.2' ],
253 silly audit   'regenerator-runtime': [ '0.13.11' ],
253 silly audit   'regex-parser': [ '2.3.1' ],
253 silly audit   'regexp.prototype.flags': [ '1.5.4' ],
253 silly audit   'regexpu-core': [ '6.4.0' ],
253 silly audit   regjsgen: [ '0.8.0' ],
253 silly audit   regjsparser: [ '0.13.1' ],
253 silly audit   relateurl: [ '0.2.7' ],
253 silly audit   renderkid: [ '3.0.0' ],
253 silly audit   'require-directory': [ '2.1.1' ],
253 silly audit   'require-from-string': [ '2.0.2' ],
253 silly audit   'requires-port': [ '1.0.0' ],
253 silly audit   'resolve-cwd': [ '3.0.0' ],
253 silly audit   'resolve-url-loader': [ '4.0.0' ],
253 silly audit   'resolve.exports': [ '1.1.1' ],
253 silly audit   retry: [ '0.13.1' ],
253 silly audit   reusify: [ '1.1.0' ],
253 silly audit   rimraf: [ '3.0.2' ],
253 silly audit   rollup: [ '2.80.0' ],
253 silly audit   'rollup-plugin-terser': [ '7.0.2' ],
253 silly audit   'serialize-javascript': [ '4.0.0', '6.0.2' ],
253 silly audit   'run-parallel': [ '1.2.0' ],
253 silly audit   'safe-array-concat': [ '1.1.4' ],
253 silly audit   'safe-push-apply': [ '1.0.0' ],
253 silly audit   'safe-regex-test': [ '1.1.0' ],
253 silly audit   'safer-buffer': [ '2.1.2' ],
253 silly audit   'sanitize.css': [ '13.0.0' ],
253 silly audit   'sass-loader': [ '12.6.0' ],
253 silly audit   saxes: [ '5.0.1' ],
253 silly audit   'select-hose': [ '2.0.0' ],
253 silly audit   selfsigned: [ '2.4.1' ],
253 silly audit   send: [ '0.19.2' ],
253 silly audit   'serve-index': [ '1.9.2' ],
253 silly audit   statuses: [ '1.5.0', '2.0.2' ],
253 silly audit   'serve-static': [ '1.16.3' ],
253 silly audit   'set-function-length': [ '1.2.2' ],
253 silly audit   'set-function-name': [ '2.0.2' ],
253 silly audit   'set-proto': [ '1.0.0' ],
253 silly audit   setprototypeof: [ '1.2.0' ],
253 silly audit   'shebang-command': [ '2.0.0' ],
253 silly audit   'shebang-regex': [ '3.0.0' ],
253 silly audit   'shell-quote': [ '1.8.3' ],
253 silly audit   'side-channel': [ '1.1.0' ],
253 silly audit   'side-channel-list': [ '1.0.1' ],
253 silly audit   'side-channel-map': [ '1.0.1' ],
253 silly audit   'side-channel-weakmap': [ '1.0.2' ],
253 silly audit   'signal-exit': [ '3.0.7' ],
253 silly audit   sisteransi: [ '1.0.5' ],
253 silly audit   sockjs: [ '0.3.24' ],
253 silly audit   'source-list-map': [ '2.0.1' ],
253 silly audit   'source-map-js': [ '1.2.1' ],
253 silly audit   'source-map-loader': [ '3.0.2' ],
253 silly audit   'source-map-support': [ '0.5.21' ],
253 silly audit   'sourcemap-codec': [ '1.4.8' ],
253 silly audit   spdy: [ '4.0.2' ],
253 silly audit   'spdy-transport': [ '3.0.0' ],
253 silly audit   'sprintf-js': [ '1.0.3' ],
253 silly audit   stable: [ '0.1.8' ],
253 silly audit   'stack-utils': [ '2.0.6' ],
253 silly audit   stackframe: [ '1.3.4' ],
253 silly audit   'static-eval': [ '2.1.1' ],
253 silly audit   'stop-iteration-iterator': [ '1.1.0' ],
253 silly audit   'string-natural-compare': [ '3.0.1' ],
253 silly audit   'string-width': [ '4.2.3' ],
253 silly audit   'string.prototype.includes': [ '2.0.1' ],
253 silly audit   'string.prototype.matchall': [ '4.0.12' ],
253 silly audit   'string.prototype.repeat': [ '1.0.0' ],
253 silly audit   'string.prototype.trim': [ '1.2.10' ],
253 silly audit   'string.prototype.trimend': [ '1.0.9' ],
253 silly audit   'string.prototype.trimstart': [ '1.0.8' ],
253 silly audit   'stringify-object': [ '3.3.0' ],
253 silly audit   'strip-bom': [ '4.0.0', '3.0.0' ],
253 silly audit   'strip-comments': [ '2.0.1' ],
253 silly audit   'strip-final-newline': [ '2.0.0' ],
253 silly audit   'strip-indent': [ '3.0.0' ],
253 silly audit   'strip-json-comments': [ '3.1.1' ],
253 silly audit   'style-loader': [ '3.3.4' ],
253 silly audit   stylehacks: [ '5.1.1' ],
253 silly audit   sucrase: [ '3.35.1' ],
253 silly audit   'supports-hyperlinks': [ '2.3.0' ],
253 silly audit   'supports-preserve-symlinks-flag': [ '1.0.0' ],
253 silly audit   'svg-parser': [ '2.0.4' ],
253 silly audit   'symbol-tree': [ '3.2.4' ],
253 silly audit   tailwindcss: [ '3.4.19' ],
253 silly audit   'postcss-load-config': [ '6.0.1' ],
253 silly audit   yaml: [ '2.9.0', '1.10.3' ],
253 silly audit   'temp-dir': [ '2.0.0' ],
253 silly audit   tempy: [ '0.6.0' ],
253 silly audit   'terminal-link': [ '2.1.1' ],
253 silly audit   terser: [ '5.47.1' ],
253 silly audit   'terser-webpack-plugin': [ '5.6.0' ],
253 silly audit   'test-exclude': [ '6.0.0' ],
253 silly audit   'text-table': [ '0.2.0' ],
253 silly audit   thenify: [ '3.3.1' ],
253 silly audit   'thenify-all': [ '1.6.0' ],
253 silly audit   throat: [ '6.0.2' ],
253 silly audit   thunky: [ '1.1.0' ],
253 silly audit   'tiny-invariant': [ '1.3.3' ],
253 silly audit   tinyglobby: [ '0.2.16' ],
253 silly audit   fdir: [ '6.5.0' ],
253 silly audit   tmpl: [ '1.0.5' ],
253 silly audit   'to-regex-range': [ '5.0.1' ],
253 silly audit   toidentifier: [ '1.0.1' ],
253 silly audit   'tough-cookie': [ '4.1.4' ],
253 silly audit   universalify: [ '0.2.0', '2.0.1' ],
253 silly audit   tr46: [ '2.1.0', '1.0.1' ],
253 silly audit   tryer: [ '1.0.1' ],
253 silly audit   'ts-interface-checker': [ '0.1.13' ],
253 silly audit   'tsconfig-paths': [ '3.15.0' ],
253 silly audit   tslib: [ '2.8.1', '1.14.1' ],
253 silly audit   tsutils: [ '3.21.0' ],
253 silly audit   'type-check': [ '0.4.0' ],
253 silly audit   'type-detect': [ '4.0.8' ],
253 silly audit   'type-is': [ '1.6.18' ],
253 silly audit   'typed-array-buffer': [ '1.0.3' ],
253 silly audit   'typed-array-byte-length': [ '1.0.3' ],
253 silly audit   'typed-array-byte-offset': [ '1.0.4' ],
253 silly audit   'typed-array-length': [ '1.0.7' ],
253 silly audit   'typedarray-to-buffer': [ '3.1.5' ],
253 silly audit   typescript: [ '4.9.5' ],
253 silly audit   'unbox-primitive': [ '1.1.0' ],
253 silly audit   underscore: [ '1.13.6' ],
253 silly audit   'undici-types': [ '7.24.6' ],
253 silly audit   'unicode-canonical-property-names-ecmascript': [ '2.0.1' ],
253 silly audit   'unicode-match-property-ecmascript': [ '2.0.0' ],
253 silly audit   'unicode-match-property-value-ecmascript': [ '2.2.1' ],
253 silly audit   'unicode-property-aliases-ecmascript': [ '2.2.0' ],
253 silly audit   'unique-string': [ '2.0.0' ],
253 silly audit   unpipe: [ '1.0.0' ],
253 silly audit   unquote: [ '1.1.1' ],
253 silly audit   upath: [ '1.2.0' ],
253 silly audit   'update-browserslist-db': [ '1.2.3' ],
253 silly audit   'uri-js': [ '4.4.1' ],
253 silly audit   'url-parse': [ '1.5.10' ],
253 silly audit   'util-deprecate': [ '1.0.2' ],
253 silly audit   'util.promisify': [ '1.0.1' ],
253 silly audit   utila: [ '0.4.0' ],
253 silly audit   'utils-merge': [ '1.0.1' ],
253 silly audit   uuid: [ '8.3.2' ],
253 silly audit   'v8-to-istanbul': [ '8.1.1' ],
253 silly audit   vary: [ '1.1.2' ],
253 silly audit   'w3c-hr-time': [ '1.0.2' ],
253 silly audit   'w3c-xmlserializer': [ '2.0.0' ],
253 silly audit   walker: [ '1.0.8' ],
253 silly audit   watchpack: [ '2.5.1' ],
253 silly audit   wbuf: [ '1.7.3' ],
253 silly audit   'web-vitals': [ '2.1.4' ],
253 silly audit   webpack: [ '5.106.2' ],
253 silly audit   'webpack-dev-middleware': [ '5.3.4' ],
253 silly audit   'webpack-dev-server': [ '4.15.2' ],
253 silly audit   ws: [ '8.20.1', '7.5.10' ],
253 silly audit   'webpack-manifest-plugin': [ '4.1.1' ],
253 silly audit   'webpack-sources': [ '2.3.1', '3.4.1', '1.4.3' ],
253 silly audit   'websocket-driver': [ '0.7.4' ],
253 silly audit   'websocket-extensions': [ '0.1.4' ],
253 silly audit   'whatwg-encoding': [ '1.0.5' ],
253 silly audit   'whatwg-fetch': [ '3.6.20' ],
253 silly audit   'whatwg-mimetype': [ '2.3.0' ],
253 silly audit   'whatwg-url': [ '8.7.0', '7.1.0' ],
253 silly audit   'which-boxed-primitive': [ '1.1.1' ],
253 silly audit   'which-builtin-type': [ '1.2.1' ],
253 silly audit   'which-collection': [ '1.0.2' ],
253 silly audit   'which-typed-array': [ '1.1.20' ],
253 silly audit   'word-wrap': [ '1.2.5' ],
253 silly audit   'workbox-background-sync': [ '6.6.0' ],
253 silly audit   'workbox-broadcast-update': [ '6.6.0' ],
253 silly audit   'workbox-build': [ '6.6.0' ],
253 silly audit   '@apideck/better-ajv-errors': [ '0.3.7' ],
253 silly audit   'workbox-cacheable-response': [ '6.6.0' ],
253 silly audit   'workbox-core': [ '6.6.0' ],
253 silly audit   'workbox-expiration': [ '6.6.0' ],
253 silly audit   'workbox-google-analytics': [ '6.6.0' ],
253 silly audit   'workbox-navigation-preload': [ '6.6.0' ],
253 silly audit   'workbox-precaching': [ '6.6.0' ],
253 silly audit   'workbox-range-requests': [ '6.6.0' ],
253 silly audit   'workbox-recipes': [ '6.6.0' ],
253 silly audit   'workbox-routing': [ '6.6.0' ],
253 silly audit   'workbox-strategies': [ '6.6.0' ],
253 silly audit   'workbox-streams': [ '6.6.0' ],
253 silly audit   'workbox-sw': [ '6.6.0' ],
253 silly audit   'workbox-webpack-plugin': [ '6.6.0' ],
253 silly audit   'workbox-window': [ '6.6.0' ],
253 silly audit   'wrap-ansi': [ '7.0.0' ],
253 silly audit   wrappy: [ '1.0.2' ],
253 silly audit   'write-file-atomic': [ '3.0.3' ],
253 silly audit   'xml-name-validator': [ '3.0.0' ],
253 silly audit   xmlchars: [ '2.2.0' ],
253 silly audit   y18n: [ '5.0.8' ],
253 silly audit   yallist: [ '3.1.1' ],
253 silly audit   yargs: [ '16.2.0' ],
253 silly audit   'yargs-parser': [ '20.2.9' ],
253 silly audit   'yocto-queue': [ '0.1.0' ],
253 silly audit   'lucide-react': [ '0.511.0' ],
253 silly audit   react: [ '18.3.1' ],
253 silly audit   'react-dom': [ '18.3.1' ],
253 silly audit   recharts: [ '2.15.4' ],
253 silly audit   scheduler: [ '0.23.2' ],
253 silly audit   'react-router': [ '7.15.1' ],
253 silly audit   'set-cookie-parser': [ '2.7.2' ],
253 silly audit   'react-smooth': [ '4.0.4' ],
253 silly audit   'recharts-scale': [ '0.4.5' ],
253 silly audit   'victory-vendor': [ '36.9.2' ],
253 silly audit   'fast-equals': [ '5.4.0' ],
253 silly audit   'react-transition-group': [ '4.4.5' ],
253 silly audit   'dom-helpers': [ '5.2.1' ],
253 silly audit   csstype: [ '3.2.3' ],
253 silly audit   'decimal.js-light': [ '2.5.1' ],
253 silly audit   '@types/d3-array': [ '3.2.2' ],
253 silly audit   '@types/d3-ease': [ '3.0.2' ],
253 silly audit   '@types/d3-interpolate': [ '3.0.4' ],
253 silly audit   '@types/d3-scale': [ '4.0.9' ],
253 silly audit   '@types/d3-shape': [ '3.1.8' ],
253 silly audit   '@types/d3-time': [ '3.0.4' ],
253 silly audit   '@types/d3-timer': [ '3.0.2' ],
253 silly audit   'd3-array': [ '3.2.4' ],
253 silly audit   'd3-ease': [ '3.0.1' ],
253 silly audit   'd3-interpolate': [ '3.0.1' ],
253 silly audit   'd3-scale': [ '4.0.2' ],
253 silly audit   'd3-shape': [ '3.2.0' ],
253 silly audit   'd3-time': [ '3.1.0' ],
253 silly audit   'd3-timer': [ '3.0.1' ],
253 silly audit   '@types/d3-color': [ '3.1.3' ],
253 silly audit   '@types/d3-path': [ '3.1.1' ],
253 silly audit   internmap: [ '2.0.3' ],
253 silly audit   'd3-color': [ '3.1.0' ],
253 silly audit   'd3-format': [ '3.1.2' ],
253 silly audit   'd3-time-format': [ '4.1.0' ],
253 silly audit   'd3-path': [ '3.1.0' ]
253 silly audit }
254 http cache csstype@https://registry.npmjs.org/csstype/-/csstype-3.2.3.tgz 0ms (cache hit)
255 http cache react-transition-group@https://registry.npmjs.org/react-transition-group/-/react-transition-group-4.4.5.tgz 0ms (cache hit)
256 http cache dom-helpers@https://registry.npmjs.org/dom-helpers/-/dom-helpers-5.2.1.tgz 0ms (cache hit)
257 http cache victory-vendor@https://registry.npmjs.org/victory-vendor/-/victory-vendor-36.9.2.tgz 0ms (cache hit)
258 http cache recharts-scale@https://registry.npmjs.org/recharts-scale/-/recharts-scale-0.4.5.tgz 0ms (cache hit)
259 http cache fast-equals@https://registry.npmjs.org/fast-equals/-/fast-equals-5.4.0.tgz 0ms (cache hit)
260 http cache react-smooth@https://registry.npmjs.org/react-smooth/-/react-smooth-4.0.4.tgz 0ms (cache hit)
261 http cache scheduler@https://registry.npmjs.org/scheduler/-/scheduler-0.23.2.tgz 0ms (cache hit)
262 http cache react-is@https://registry.npmjs.org/react-is/-/react-is-18.3.1.tgz 0ms (cache hit)
263 http cache recharts@https://registry.npmjs.org/recharts/-/recharts-2.15.4.tgz 0ms (cache hit)
264 http cache react@https://registry.npmjs.org/react/-/react-18.3.1.tgz 0ms (cache hit)
265 http cache react-dom@https://registry.npmjs.org/react-dom/-/react-dom-18.3.1.tgz 0ms (cache hit)
266 silly tarball no local data for csstype@https://registry.npmjs.org/csstype/-/csstype-3.2.3.tgz. Extracting by manifest.
267 silly tarball no local data for react-transition-group@https://registry.npmjs.org/react-transition-group/-/react-transition-group-4.4.5.tgz. Extracting by manifest.
268 silly tarball no local data for dom-helpers@https://registry.npmjs.org/dom-helpers/-/dom-helpers-5.2.1.tgz. Extracting by manifest.
269 silly tarball no local data for victory-vendor@https://registry.npmjs.org/victory-vendor/-/victory-vendor-36.9.2.tgz. Extracting by manifest.
270 silly tarball no local data for recharts-scale@https://registry.npmjs.org/recharts-scale/-/recharts-scale-0.4.5.tgz. Extracting by manifest.
271 silly tarball no local data for fast-equals@https://registry.npmjs.org/fast-equals/-/fast-equals-5.4.0.tgz. Extracting by manifest.
272 silly tarball no local data for react-smooth@https://registry.npmjs.org/react-smooth/-/react-smooth-4.0.4.tgz. Extracting by manifest.
273 silly tarball no local data for scheduler@https://registry.npmjs.org/scheduler/-/scheduler-0.23.2.tgz. Extracting by manifest.
274 silly tarball no local data for react-is@https://registry.npmjs.org/react-is/-/react-is-18.3.1.tgz. Extracting by manifest.
275 silly tarball no local data for recharts@https://registry.npmjs.org/recharts/-/recharts-2.15.4.tgz. Extracting by manifest.
276 silly tarball no local data for react@https://registry.npmjs.org/react/-/react-18.3.1.tgz. Extracting by manifest.
277 silly tarball no local data for react-dom@https://registry.npmjs.org/react-dom/-/react-dom-18.3.1.tgz. Extracting by manifest.
278 http cache lucide-react@https://registry.npmjs.org/lucide-react/-/lucide-react-0.511.0.tgz 0ms (cache hit)
279 silly tarball no local data for lucide-react@https://registry.npmjs.org/lucide-react/-/lucide-react-0.511.0.tgz. Extracting by manifest.
280 http fetch GET 200 https://registry.npmjs.org/react-is/-/react-is-18.3.1.tgz 283ms (cache miss)
281 http fetch POST 200 https://registry.npmjs.org/-/npm/v1/security/advisories/bulk 361ms
282 silly audit report {
282 silly audit report   '@tootallnate/once': [
282 silly audit report     {
282 silly audit report       id: 1119438,
282 silly audit report       url: 'https://github.com/advisories/GHSA-vpq2-c234-7xj6',
282 silly audit report       title: '@tootallnate/once vulnerable to Incorrect Control Flow Scoping',
282 silly audit report       severity: 'low',
282 silly audit report       vulnerable_versions: '<2.0.1',
282 silly audit report       cwe: [Array],
282 silly audit report       cvss: [Object]
282 silly audit report     }
282 silly audit report   ],
282 silly audit report   'nth-check': [
282 silly audit report     {
282 silly audit report       id: 1095141,
282 silly audit report       url: 'https://github.com/advisories/GHSA-rp65-9cf3-cjxr',
282 silly audit report       title: 'Inefficient Regular Expression Complexity in nth-check',
282 silly audit report       severity: 'high',
282 silly audit report       vulnerable_versions: '<2.0.1',
282 silly audit report       cwe: [Array],
282 silly audit report       cvss: [Object]
282 silly audit report     }
282 silly audit report   ],
282 silly audit report   postcss: [
282 silly audit report     {
282 silly audit report       id: 1109574,
282 silly audit report       url: 'https://github.com/advisories/GHSA-7fh5-64p2-3v2j',
282 silly audit report       title: 'PostCSS line return parsing error',
282 silly audit report       severity: 'moderate',
282 silly audit report       vulnerable_versions: '<8.4.31',
282 silly audit report       cwe: [Array],
282 silly audit report       cvss: [Object]
282 silly audit report     },
282 silly audit report     {
282 silly audit report       id: 1117015,
282 silly audit report       url: 'https://github.com/advisories/GHSA-qx2v-qp2m-jg93',
282 silly audit report       title: 'PostCSS has XSS via Unescaped </style> in its CSS Stringify Output',
282 silly audit report       severity: 'moderate',
282 silly audit report       vulnerable_versions: '<8.5.10',
282 silly audit report       cwe: [Array],
282 silly audit report       cvss: [Object]
282 silly audit report     }
282 silly audit report   ],
282 silly audit report   'serialize-javascript': [
282 silly audit report     {
282 silly audit report       id: 1119440,
282 silly audit report       url: 'https://github.com/advisories/GHSA-qj8w-gfj5-8c6v',
282 silly audit report       title: 'Serialize JavaScript has CPU Exhaustion Denial of Service via crafted array-like objects',
282 silly audit report       severity: 'moderate',
282 silly audit report       vulnerable_versions: '>=5.0.0 <7.0.5',
282 silly audit report       cwe: [Array],
282 silly audit report       cvss: [Object]
282 silly audit report     },
282 silly audit report     {
282 silly audit report       id: 1113686,
282 silly audit report       url: 'https://github.com/advisories/GHSA-5c6j-r48x-rmvq',
282 silly audit report       title: 'Serialize JavaScript is Vulnerable to RCE via RegExp.flags and Date.prototype.toISOString()',
282 silly audit report       severity: 'high',
282 silly audit report       vulnerable_versions: '<=7.0.2',
282 silly audit report       cwe: [Array],
282 silly audit report       cvss: [Object]
282 silly audit report     }
282 silly audit report   ],
282 silly audit report   underscore: [
282 silly audit report     {
282 silly audit report       id: 1117689,
282 silly audit report       url: 'https://github.com/advisories/GHSA-qpx9-hpmf-5gmw',
282 silly audit report       title: 'Underscore has unlimited recursion in _.flatten and _.isEqual, potential for DoS attack',
282 silly audit report       severity: 'high',
282 silly audit report       vulnerable_versions: '<=1.13.7',
282 silly audit report       cwe: [Array],
282 silly audit report       cvss: [Object]
282 silly audit report     }
282 silly audit report   ],
282 silly audit report   uuid: [
282 silly audit report     {
282 silly audit report       id: 1119441,
282 silly audit report       url: 'https://github.com/advisories/GHSA-w5hq-g745-h8pq',
282 silly audit report       title: 'uuid: Missing buffer bounds check in v3/v5/v6 when buf is provided',
282 silly audit report       severity: 'moderate',
282 silly audit report       vulnerable_versions: '<11.1.1',
282 silly audit report       cwe: [Array],
282 silly audit report       cvss: [Object]
282 silly audit report     }
282 silly audit report   ],
282 silly audit report   'webpack-dev-server': [
282 silly audit report     {
282 silly audit report       id: 1108429,
282 silly audit report       url: 'https://github.com/advisories/GHSA-9jgg-88mc-972h',
282 silly audit report       title: "webpack-dev-server users' source code may be stolen when they access a malicious web site with non-Chromium based browser",
282 silly audit report       severity: 'moderate',
282 silly audit report       vulnerable_versions: '<=5.2.0',
282 silly audit report       cwe: [Array],
282 silly audit report       cvss: [Object]
282 silly audit report     },
282 silly audit report     {
282 silly audit report       id: 1108430,
282 silly audit report       url: 'https://github.com/advisories/GHSA-4v9v-hfq4-rm2v',
282 silly audit report       title: "webpack-dev-server users' source code may be stolen when they access a malicious web site",
282 silly audit report       severity: 'moderate',
282 silly audit report       vulnerable_versions: '<=5.2.0',
282 silly audit report       cwe: [Array],
282 silly audit report       cvss: [Object]
282 silly audit report     },
282 silly audit report     {
282 silly audit report       id: 1119074,
282 silly audit report       url: 'https://github.com/advisories/GHSA-79cf-xcqc-c78w',
282 silly audit report       title: 'webpack-dev-server vulnerable to cross-origin source code exposure on non-HTTPS origins',
282 silly audit report       severity: 'moderate',
282 silly audit report       vulnerable_versions: '<=5.2.3',
282 silly audit report       cwe: [Array],
282 silly audit report       cvss: [Object]
282 silly audit report     }
282 silly audit report   ]
282 silly audit report }
283 silly packumentCache corgi:https://registry.npmjs.org/@tootallnate%2fonce cache-miss
284 silly packumentCache corgi:https://registry.npmjs.org/nth-check cache-miss
285 silly packumentCache corgi:https://registry.npmjs.org/postcss cache-miss
286 silly packumentCache corgi:https://registry.npmjs.org/serialize-javascript cache-miss
287 silly packumentCache corgi:https://registry.npmjs.org/underscore cache-miss
288 silly packumentCache corgi:https://registry.npmjs.org/uuid cache-miss
289 silly packumentCache corgi:https://registry.npmjs.org/webpack-dev-server cache-miss
290 http fetch GET 200 https://registry.npmjs.org/scheduler/-/scheduler-0.23.2.tgz 387ms (cache miss)
291 http cache https://registry.npmjs.org/@tootallnate%2fonce 52ms (cache hit)
292 silly packumentCache corgi:https://registry.npmjs.org/@tootallnate%2fonce set size:11748 disposed:false
293 http cache https://registry.npmjs.org/underscore 52ms (cache hit)
294 silly packumentCache corgi:https://registry.npmjs.org/underscore set size:54625 disposed:false
295 http cache https://registry.npmjs.org/postcss 55ms (cache hit)
296 silly packumentCache corgi:https://registry.npmjs.org/postcss set size:344717 disposed:false
297 http cache https://registry.npmjs.org/uuid 60ms (cache hit)
298 silly packumentCache corgi:https://registry.npmjs.org/uuid set size:81812 disposed:false
299 http cache https://registry.npmjs.org/nth-check 64ms (cache hit)
300 silly packumentCache corgi:https://registry.npmjs.org/nth-check set size:12198 disposed:false
301 http cache https://registry.npmjs.org/webpack-dev-server 64ms (cache hit)
302 silly packumentCache corgi:https://registry.npmjs.org/webpack-dev-server set size:461568 disposed:false
303 http cache https://registry.npmjs.org/serialize-javascript 81ms (cache hit)
304 silly packumentCache corgi:https://registry.npmjs.org/serialize-javascript set size:36142 disposed:false
305 silly packumentCache corgi:https://registry.npmjs.org/http-proxy-agent cache-miss
306 http cache https://registry.npmjs.org/http-proxy-agent 45ms (cache hit)
307 silly packumentCache corgi:https://registry.npmjs.org/http-proxy-agent set size:24577 disposed:false
308 silly packumentCache corgi:https://registry.npmjs.org/css-select cache-miss
309 http fetch GET 200 https://registry.npmjs.org/csstype/-/csstype-3.2.3.tgz 504ms (cache miss)
310 http fetch GET 200 https://registry.npmjs.org/recharts-scale/-/recharts-scale-0.4.5.tgz 506ms (cache miss)
311 http cache https://registry.npmjs.org/css-select 36ms (cache hit)
312 silly packumentCache corgi:https://registry.npmjs.org/css-select set size:49649 disposed:false
313 silly packumentCache corgi:https://registry.npmjs.org/resolve-url-loader cache-miss
314 http cache https://registry.npmjs.org/resolve-url-loader 31ms (cache hit)
315 silly packumentCache corgi:https://registry.npmjs.org/resolve-url-loader set size:61938 disposed:false
316 silly packumentCache corgi:https://registry.npmjs.org/css-minimizer-webpack-plugin cache-miss
317 http fetch GET 200 https://registry.npmjs.org/fast-equals/-/fast-equals-5.4.0.tgz 544ms (cache miss)
318 http fetch GET 200 https://registry.npmjs.org/react-smooth/-/react-smooth-4.0.4.tgz 558ms (cache miss)
319 http cache https://registry.npmjs.org/css-minimizer-webpack-plugin 25ms (cache hit)
320 silly packumentCache corgi:https://registry.npmjs.org/css-minimizer-webpack-plugin set size:92918 disposed:false
321 silly packumentCache corgi:https://registry.npmjs.org/rollup-plugin-terser cache-miss
322 http fetch GET 200 https://registry.npmjs.org/react-transition-group/-/react-transition-group-4.4.5.tgz 597ms (cache miss)
323 http cache https://registry.npmjs.org/rollup-plugin-terser 24ms (cache hit)
324 silly packumentCache corgi:https://registry.npmjs.org/rollup-plugin-terser set size:47323 disposed:false
325 silly packumentCache corgi:https://registry.npmjs.org/jsonpath cache-miss
326 http cache https://registry.npmjs.org/jsonpath 23ms (cache hit)
327 silly packumentCache corgi:https://registry.npmjs.org/jsonpath set size:24482 disposed:false
328 silly packumentCache corgi:https://registry.npmjs.org/sockjs cache-miss
329 http fetch GET 200 https://registry.npmjs.org/react/-/react-18.3.1.tgz 632ms (cache miss)
330 http cache https://registry.npmjs.org/sockjs 29ms (cache hit)
331 silly packumentCache corgi:https://registry.npmjs.org/sockjs set size:25891 disposed:false
332 silly packumentCache corgi:https://registry.npmjs.org/@pmmmwh%2freact-refresh-webpack-plugin cache-miss
333 silly packumentCache corgi:https://registry.npmjs.org/react-scripts cache-miss
334 http cache https://registry.npmjs.org/react-scripts 29ms (cache hit)
335 silly packumentCache corgi:https://registry.npmjs.org/react-scripts set size:342451 disposed:false
336 http cache https://registry.npmjs.org/@pmmmwh%2freact-refresh-webpack-plugin 35ms (cache hit)
337 silly packumentCache corgi:https://registry.npmjs.org/@pmmmwh%2freact-refresh-webpack-plugin set size:206166 disposed:false
338 silly packumentCache corgi:https://registry.npmjs.org/jsdom cache-miss
339 http cache https://registry.npmjs.org/jsdom 18ms (cache hit)
340 silly packumentCache corgi:https://registry.npmjs.org/jsdom set size:383595 disposed:false
341 silly packumentCache corgi:https://registry.npmjs.org/svgo cache-miss
342 http cache https://registry.npmjs.org/svgo 18ms (cache hit)
343 silly packumentCache corgi:https://registry.npmjs.org/svgo set size:138618 disposed:false
344 silly packumentCache corgi:https://registry.npmjs.org/workbox-build cache-miss
345 http cache https://registry.npmjs.org/workbox-build 15ms (cache hit)
346 silly packumentCache corgi:https://registry.npmjs.org/workbox-build set size:194410 disposed:false
347 silly packumentCache corgi:https://registry.npmjs.org/bfj cache-miss
348 http cache https://registry.npmjs.org/bfj 18ms (cache hit)
349 silly packumentCache corgi:https://registry.npmjs.org/bfj set size:39803 disposed:false
350 silly packumentCache corgi:https://registry.npmjs.org/jest-environment-jsdom cache-miss
351 http cache https://registry.npmjs.org/jest-environment-jsdom 13ms (cache hit)
352 silly packumentCache corgi:https://registry.npmjs.org/jest-environment-jsdom set size:347321 disposed:false
353 silly packumentCache corgi:https://registry.npmjs.org/@svgr%2fplugin-svgo cache-miss
354 http cache https://registry.npmjs.org/@svgr%2fplugin-svgo 11ms (cache hit)
355 silly packumentCache corgi:https://registry.npmjs.org/@svgr%2fplugin-svgo set size:36570 disposed:false
356 silly packumentCache corgi:https://registry.npmjs.org/workbox-webpack-plugin cache-miss
357 http cache https://registry.npmjs.org/workbox-webpack-plugin 16ms (cache hit)
358 silly packumentCache corgi:https://registry.npmjs.org/workbox-webpack-plugin set size:136237 disposed:false
359 silly packumentCache corgi:https://registry.npmjs.org/jest-config cache-miss
360 silly packumentCache corgi:https://registry.npmjs.org/jest-runner cache-miss
361 http cache https://registry.npmjs.org/jest-runner 16ms (cache hit)
362 silly packumentCache corgi:https://registry.npmjs.org/jest-runner set size:451040 disposed:false
363 http cache https://registry.npmjs.org/jest-config 23ms (cache hit)
364 silly packumentCache corgi:https://registry.npmjs.org/jest-config set size:529999 disposed:false
365 silly packumentCache corgi:https://registry.npmjs.org/@svgr%2fwebpack cache-miss
366 http cache https://registry.npmjs.org/@svgr%2fwebpack 23ms (cache hit)
367 silly packumentCache corgi:https://registry.npmjs.org/@svgr%2fwebpack set size:85201 disposed:false
368 silly packumentCache corgi:https://registry.npmjs.org/@jest%2fcore cache-miss
369 http cache https://registry.npmjs.org/@jest%2fcore 21ms (cache hit)
370 silly packumentCache corgi:https://registry.npmjs.org/@jest%2fcore set size:388923 disposed:false
371 silly packumentCache corgi:https://registry.npmjs.org/jest-cli cache-miss
372 http cache https://registry.npmjs.org/jest-cli 16ms (cache hit)
373 silly packumentCache corgi:https://registry.npmjs.org/jest-cli set size:642191 disposed:false
374 silly packumentCache corgi:https://registry.npmjs.org/jest cache-miss
375 http cache https://registry.npmjs.org/jest 33ms (cache hit)
376 silly packumentCache corgi:https://registry.npmjs.org/jest set size:408741 disposed:false
377 silly packumentCache corgi:https://registry.npmjs.org/jest-watch-typeahead cache-miss
378 http cache https://registry.npmjs.org/jest-watch-typeahead 12ms (cache hit)
379 silly packumentCache corgi:https://registry.npmjs.org/jest-watch-typeahead set size:69801 disposed:false
380 http fetch GET 200 https://registry.npmjs.org/react-dom/-/react-dom-18.3.1.tgz 1271ms (cache miss)
381 http fetch GET 200 https://registry.npmjs.org/dom-helpers/-/dom-helpers-5.2.1.tgz 1541ms (cache miss)
382 http fetch GET 200 https://registry.npmjs.org/victory-vendor/-/victory-vendor-36.9.2.tgz 1645ms (cache miss)
383 http fetch GET 200 https://registry.npmjs.org/recharts/-/recharts-2.15.4.tgz 1838ms (cache miss)
384 http fetch GET 200 https://registry.npmjs.org/lucide-react/-/lucide-react-0.511.0.tgz 7722ms (cache miss)
385 silly ADD node_modules/csstype
386 silly ADD node_modules/dom-helpers
387 silly ADD node_modules/react-transition-group
388 silly ADD node_modules/fast-equals
389 silly ADD node_modules/recharts-scale
390 silly ADD node_modules/react-smooth
391 silly CHANGE node_modules/victory-vendor
392 silly REMOVE node_modules/use-sync-external-store
393 silly CHANGE node_modules/scheduler
394 silly REMOVE node_modules/reselect
395 silly REMOVE node_modules/redux-thunk
396 silly REMOVE node_modules/redux
397 silly CHANGE node_modules/recharts
398 silly ADD node_modules/recharts/node_modules/react-is
399 silly REMOVE node_modules/recharts/node_modules/immer
400 silly REMOVE node_modules/recharts/node_modules/eventemitter3
401 silly REMOVE node_modules/react-redux
402 silly CHANGE node_modules/react-dom
403 silly CHANGE node_modules/react
404 silly CHANGE node_modules/lucide-react
405 silly REMOVE node_modules/es-toolkit
406 silly REMOVE node_modules/@types/use-sync-external-store
407 silly REMOVE node_modules/@standard-schema/utils
408 silly REMOVE node_modules/@standard-schema/spec
409 silly REMOVE node_modules/@reduxjs/toolkit
410 silly REMOVE node_modules/@reduxjs/toolkit/node_modules/immer
411 verbose cwd C:\Users\meghn\Desktop\TeamTaskManager\frontend
412 verbose os Windows_NT 10.0.26200
413 verbose node v22.13.1
414 verbose npm  v11.0.0
415 verbose exit 0
416 info ok
